obsid,designation,snrg,class,subclass,gaia_source_id,ra,dec,teff,teff_err,feh_err,feh,logg_err,logg,spectral_type,quality,Teff,Feh,Logg
1157109077,J021838.32+562950.3,62.46,STAR,A2,458315792665459712,34.6596845,56.4973177,10046.5,65.65,0.056,0.721,0.093,3.623,B9.5 III-IV  Si,good,10046.5¡À65.65,0.721¡À0.056,3.623¡À0.093
169315102,J042609.71+540650.5,110.43,STAR,A1,275452268629203456,66.540461,54.114033,10095.3,27.56,0.022,0.318,0.038,3.738,A0 III-IV  Si,vgood,10095.3¡À27.56,0.318¡À0.022,3.738¡À0.038
170807167,J065413.40+330001.7,64.02,STAR,A1,937566900880288000,103.55584,33.000494,10099.7,76.29,0.065,0.52,0.108,3.569,Unclassifiable,,10099.7¡À76.29,0.52¡À0.065,3.569¡À0.108
255308032,J213708.91+421717.7,59.45,STAR,A5,1966798192093611392,324.287132,42.28826,10100.7,75.81,0.065,0.826,0.108,3.843,B9.5 IV  Si,good,10100.7¡À75.81,0.826¡À0.065,3.843¡À0.108
840302042,J063916.90-021526.6,80.58,STAR,A1,-9999,99.819362,-2.257404,10106.6,57.2,0.048,0.489,0.08,3.593,B9 V  Si,vgood,10106.6¡À57.2,0.489¡À0.048,3.593¡À0.08
855012154,J005238.53+720835.9,55.3,STAR,A1,536658023360807936,13.160578,72.143332,10112.7,41.54,0.036,0.456,0.059,3.546,B9.5 IV  Si,vgood,10112.7¡À41.54,0.456¡À0.036,3.546¡À0.059
966715187,J061143.45+234849.9,65.66,STAR,A1,3425439179674073344,92.931048,23.813869,10178.9,62.03,0.053,0.604,0.088,3.615,B9 IV-V  Si,good,10178.9¡À62.03,0.604¡À0.053,3.615¡À0.088
1048007089,J055253.62+191323.5,237.64,STAR,A1,3398846769402202112,88.2234367,19.2232131,10189.5,45.68,0.026,0.421,0.056,3.548,B9 IV-V  Si,vgood,10189.5¡À45.68,0.421¡À0.026,3.548¡À0.056
855311218,J231551.45+455315.8,185.75,STAR,A1,1941114528175758592,348.964404,45.887741,10199.5,47.72,0.032,0.319,0.061,3.527,B9 V  Si,vgood,10199.5¡À47.72,0.319¡À0.032,3.527¡À0.061
426115133,J055839.36+465833.5,193.43,STAR,A1,197856434520531328,89.6640361,46.9759828,10204.4,74.64,0.048,0.633,0.095,3.917,A1 III-IV  SrSiEu,vgood,10204.4¡À74.64,0.633¡À0.048,3.917¡À0.095
842413036,J050106.13+373125.1,182.48,STAR,A1,186737825047631232,75.2755717,37.5236525,10206.8,40.08,0.027,0.67,0.052,3.692,B9 IV-V  Si,good,10206.8¡À40.08,0.67¡À0.027,3.692¡À0.052
1097501221,J072551.05-051713.7,65.78,STAR,A1,3058570357518633472,111.462724,-5.287155,10221.8,65.65,0.056,0.541,0.093,3.514,B9 V  Si,vgood,10221.8¡À65.65,0.541¡À0.056,3.514¡À0.093
648502092,J041254.84+101244.8,114.99,STAR,A5,3300517238369958656,63.2285,10.2124639,10223.2,127.68,0.1,0.938,0.175,4.137,kA2hA9mA7  SrEu,,10223.2¡À127.68,0.938¡À0.1,4.137¡À0.175
1145004081,J052458.92+355950.6,191.33,STAR,A1,183731661474486016,81.2455176,35.9974123,10237.9,18.63,0.012,-0.341,0.024,3.891,kB7hB9mA0  Si,,10237.9¡À18.63,-0.341¡À0.012,3.891¡À0.024
855311126,J231315.03+455021.0,97.18,STAR,A2,-9999,348.313096,45.840289,10258.7,44.12,0.036,0.692,0.061,3.696,A1 V  SrSi,vgood,10258.7¡À44.12,0.692¡À0.036,3.696¡À0.061
370608087,J061813.80+193052.9,75.18,STAR,A1,3373996878902906240,94.557531,19.514715,10274.1,26.75,0.022,-0.124,0.038,3.601,B9.5 IV  Si,vgood,10274.1¡À26.75,-0.124¡À0.022,3.601¡À0.038
1185502102,J051810.75+342342.0,147.08,STAR,A1,182081839980236928,79.5448004,34.3950071,10299.9,50.84,0.037,0.369,0.068,3.577,B9.5 III-IV  Si,vgood,10299.9¡À50.84,0.369¡À0.037,3.577¡À0.068
1171615175,J004746.33+572400.4,122.31,STAR,A1,424654244176350592,11.9430829,57.4001157,10301.9,50.27,0.039,0.455,0.068,3.646,B9.5 IV  Si,good,10301.9¡À50.27,0.455¡À0.039,3.646¡À0.068
1067401082,J065721.23+172451.8,314.18,STAR,A1,-9999,104.3396972,17.41386889,10314.1,71.89,0.04,0.644,0.089,3.519,B9 V  Si,good,10314.1¡À71.89,0.644¡À0.04,3.519¡À0.089
1146906197,J040547.67+594528.9,213.72,STAR,A1,473582855209305088,61.4486269,59.7580358,10368.6,75.93,0.047,0.699,0.095,3.544,B9 V  Si,good,10368.6¡À75.93,0.699¡À0.047,3.544¡À0.095
711214018,J054539.35+144742.5,121.81,STAR,A1,3347567436869189376,86.413996,14.7951419,10387.1,64.58,0.05,0.675,0.088,3.623,A0 V  Si,fair,10387.1¡À64.58,0.675¡À0.05,3.623¡À0.088
1143907062,J063649.01+304227.7,187.74,STAR,A1,3435073581592245632,99.2042245,30.7076971,10393.5,83.97,0.055,0.848,0.108,3.534,B9 V  Si,good,10393.5¡À83.97,0.848¡À0.055,3.534¡À0.108
1147602050,J052355.82+351948.0,203.49,STAR,A1,183676578516593792,80.982584,35.3300106,10403.6,41.71,0.026,0.654,0.053,3.627,B9 V  Si,vgood,10403.6¡À41.71,0.654¡À0.026,3.627¡À0.053
1048007240,J055124.31+190906.6,189.72,STAR,A1,3398830890907067520,87.8513076,19.1518385,10408,27.21,0.018,0.307,0.035,3.648,Unclassifiable,,10408¡À27.21,0.307¡À0.018,3.648¡À0.035
1147605124,J052840.39+352908.7,338.33,STAR,A1,183271481501057280,82.1683203,35.4857509,10447.5,53.24,0.029,0.636,0.066,3.589,B9 IV-V  Si,vgood,10447.5¡À53.24,0.636¡À0.029,3.589¡À0.066
618911038,J061909.98+143713.1,64.57,STAR,A2,3344737564519936128,94.791585,14.620314,10469.6,80.96,0.069,0.637,0.115,3.564,B9 V  Si,good,10469.6¡À80.96,0.637¡À0.069,3.564¡À0.115
966704155,J061101.29+225015.2,167.86,STAR,A2,3425098331070348416,92.755376,22.837565,10513.3,51.67,0.036,0.647,0.067,3.623,A0 III-IV  SrSiEu,fair,10513.3¡À51.67,0.647¡À0.036,3.623¡À0.067
248106012,J203552.41+374131.4,77.04,STAR,A2,2063145784689752832,308.968416,37.692075,10522.6,30.3,0.025,0.403,0.043,3.65,B9 IV  Si,vgood,10522.6¡À30.3,0.403¡À0.025,3.65¡À0.043
837614026,J214443.50+542001.8,69.99,STAR,A1,2174300294237224064,326.1812792,54.3338611,10525.1,29.93,0.025,0.024,0.042,3.83,kB7hA3mG8,,10525.1¡À29.93,0.024¡À0.025,3.83¡À0.042
1089704156,J053453.83+441715.8,52.75,STAR,A1,195828793345688960,83.724318,44.287744,10544.1,51.24,0.044,0.698,0.073,3.696,A0 III-IV  Si,good,10544.1¡À51.24,0.698¡À0.044,3.696¡À0.073
1016206228,J195655.55+380021.2,65.31,STAR,A1,2072316192732970112,299.23148,38.005891,10549.3,68.38,0.058,0.817,0.097,3.609,B9 IV-V  Si,good,10549.3¡À68.38,0.817¡À0.058,3.609¡À0.097
1084612055,J063723.29-010227.2,93.11,STAR,A1,3118950858891962368,99.347077,-1.040915,10571.6,81.85,0.067,0.881,0.114,3.631,B9 V  Si,vgood,10571.6¡À81.85,0.881¡À0.067,3.631¡À0.114
844909061,J061836.83+201147.7,69.91,STAR,A1,3374245054995953664,94.6534664,20.1966047,10596.7,35.83,0.03,0.629,0.051,3.684,kA0hA1mA3  Si,,10596.7¡À35.83,0.629¡À0.03,3.684¡À0.051
1146803008,J034455.77+595201.4,104.02,STAR,A1,474112476215559680,56.2323779,59.8670777,10604.7,47.58,0.038,0.611,0.066,3.709,A0 III-IV  SrSi,vgood,10604.7¡À47.58,0.611¡À0.038,3.709¡À0.066
1189615087,J051929.35+373421.7,62.1,STAR,A1,187486253163635456,79.8723218,37.5726995,10631.7,35.6,0.03,0.32,0.051,3.654,B9 IV-V  Si,good,10631.7¡À35.6,0.32¡À0.03,3.654¡À0.051
1143411140,J052747.75+383442.4,249.19,STAR,A1,190636388339223040,81.9489714,38.5784586,10640.1,29.41,0.017,0.392,0.036,3.585,B9 IV-V  Si,vgood,10640.1¡À29.41,0.392¡À0.017,3.585¡À0.036
251115215,J032225.05+572341.9,85.43,STAR,A1,449571234942823680,50.604397,57.394978,10651,20.76,0.017,0.016,0.029,3.864,A1 III,vgood,10651¡À20.76,0.016¡À0.017,3.864¡À0.029
1147610162,J051934.43+363200.4,149.91,STAR,A1,184042853333428992,79.8934958,36.5334455,10663.6,44.97,0.033,0.543,0.06,3.665,B9 V  Si,vgood,10663.6¡À44.97,0.543¡À0.033,3.665¡À0.06
1157103154,J020633.18+545952.2,79.68,STAR,A1,456445175482545152,31.6382546,54.9978335,10669.2,58.33,0.049,0.616,0.082,3.644,B9.5 III-IV  Si,vgood,10669.2¡À58.33,0.616¡À0.049,3.644¡À0.082
34404103,J055827.57+111205.0,141.36,STAR,A1,3342165050909804672,89.614881,11.201389,10669.5,23.26,0.017,0.092,0.031,3.971,B9 IV-V  Si,vgood,10669.5¡À23.26,0.092¡À0.017,3.971¡À0.031
393609102,J031723.33+450201.1,317.06,STAR,A1,242400669921730176,49.34633556,45.03365611,10669,8.79,0.005,-0.087,0.011,3.59,B8 V  Si,vgood,10669¡À8.79,-0.087¡À0.005,3.59¡À0.011
84404055,J070131.79+154048.3,88.75,STAR,A2,-9999,105.38248,15.680101,10675.3,68.44,0.056,0.835,0.095,3.552,B8 V  Si,vgood,10675.3¡À68.44,0.835¡À0.056,3.552¡À0.095
1156008087,J061902.28+071951.2,82.91,STAR,A2,3325034560965547776,94.7595226,7.3308892,10684,38.8,0.032,0.376,0.054,3.604,B9.5 III-IV  Si,vgood,10684¡À38.8,0.376¡À0.032,3.604¡À0.054
1146703038,J234819.92+615209.5,109.61,STAR,A1,2012875936983147648,357.0830412,61.8693219,10694.3,38.3,0.03,0.412,0.053,3.587,A0 III,vgood,10694.3¡À38.3,0.412¡À0.03,3.587¡À0.053
374608152,J035209.39+500303.8,413.84,STAR,A1,250301283738800256,58.0391639,50.0510789,10697.2,10.92,0.006,0.257,0.013,3.781,B9 V  Si,vgood,10697.2¡À10.92,0.257¡À0.006,3.781¡À0.013
696613119,J065509.52-031634.5,148.13,STAR,A1,3102863045270254336,103.789707,-3.276253,10701.3,18.21,0.013,-0.081,0.024,3.633,Unclassifiable,,10701.3¡À18.21,-0.081¡À0.013,3.633¡À0.024
1223101054,J063049.87+071448.8,263.17,STAR,A1,3324467006808239616,97.707832,7.2469064,10712.9,26.2,0.015,0.5,0.032,3.574,B8 V  Si,good,10712.9¡À26.2,0.5¡À0.015,3.574¡À0.032
1069507207,J025107.29+535212.6,65.71,STAR,A1,453278861171901952,42.780389,53.870168,10726.1,39.87,0.034,0.611,0.056,3.697,A0 III  Si,vgood,10726.1¡À39.87,0.611¡À0.034,3.697¡À0.056
959907104,J013552.84+405611.1,151.75,STAR,A1,347936851133689856,23.970203,40.936439,10726.9,68.33,0.049,0.683,0.09,3.609,B9 V  Si,vgood,10726.9¡À68.33,0.683¡À0.049,3.609¡À0.09
1048013018,J055537.89+212004.8,77.03,STAR,A1,3423905017356100224,88.9078981,21.3346803,10751.4,30.96,0.026,0.619,0.044,3.814,A0 III  Si,good,10751.4¡À30.96,0.619¡À0.026,3.814¡À0.044
617815136,J061241.93+242028.0,71.04,STAR,A2,3425902520745697408,93.1747239,24.3411178,10752.9,45.93,0.039,0.549,0.065,4.053,A1 II-III  SrEu,vgood,10752.9¡À45.93,0.549¡À0.039,4.053¡À0.065
1073503211,J043800.49+525800.1,107.95,STAR,A2,272857489907604992,69.502078,52.966716,10754.7,63.66,0.051,0.765,0.088,3.667,B9 V  Si,vgood,10754.7¡À63.66,0.765¡À0.051,3.667¡À0.088
709904050,J055624.30+120059.8,70.01,STAR,A2,3343021810984912896,89.101283,12.016627,10771.3,49.06,0.041,0.514,0.069,3.644,A8 II-III,fair,10771.3¡À49.06,0.514¡À0.041,3.644¡À0.069
685615193,J005004.73+082805.1,80.25,STAR,A2,2557673919784642432,12.519741,8.468098,10779.5,53.17,0.044,0.534,0.075,3.599,Unclassifiable,,10779.5¡À53.17,0.534¡À0.044,3.599¡À0.075
842411183,J044957.36+392514.3,94.45,STAR,A1,199939974696689664,72.4890039,39.4206478,10786.1,27.73,0.023,0.044,0.039,3.93,B9.5 III-IV  Si,vgood,10786.1¡À27.73,0.044¡À0.023,3.93¡À0.039
268001071,J062658.60+144220.6,133.63,STAR,A1,3356657958490644736,96.744201,14.705727,10799,29.32,0.022,0.283,0.039,4.125,A0 III  Si,vgood,10799¡À29.32,0.283¡À0.022,4.125¡À0.039
688504099,J032106.34+511432.7,76.88,STAR,A1,442713001105886976,50.276422,51.242429,10810.1,34.13,0.029,0.261,0.048,3.732,A0 III  Si,good,10810.1¡À34.13,0.261¡À0.029,3.732¡À0.048
992701085,J053614.24+382825.5,72.52,STAR,A1,190456377669874560,84.059361,38.47377,10816.8,81.95,0.069,0.825,0.116,3.63,B9 V  Si,good,10816.8¡À81.95,0.825¡À0.069,3.63¡À0.116
1073813152,J015407.55+585810.2,50.52,STAR,A1,506318202589441536,28.531484,58.969508,10832.6,46.45,0.04,0.614,0.066,3.725,A1 II-III  Si,good,10832.6¡À46.45,0.614¡À0.04,3.725¡À0.066
382114063,J061936.21+010554.9,75.89,STAR,A1,3123561179870526336,94.9008936,1.0985942,10843,32.11,0.027,0.292,0.045,3.579,B9 IV  Si,vgood,10843¡À32.11,0.292¡À0.027,3.579¡À0.045
1157713060,J023137.61+550021.8,97.26,STAR,A1,457157903838444928,37.9067128,55.0060692,10847.2,56.52,0.046,0.715,0.078,3.652,B9.5 III-IV  Si,good,10847.2¡À56.52,0.715¡À0.046,3.652¡À0.078
181208202,J052737.25-065239.7,402.28,STAR,A1,-9999,81.905239,-6.8777034,10847.8,22.28,0.012,0.569,0.027,3.572,B8 IV-V  Si,vgood,10847.8¡À22.28,0.569¡À0.012,3.572¡À0.027
732009128,J060525.98+275404.6,117.02,STAR,A1,3430510883217164928,91.3582836,27.9012875,10848.1,23.39,0.018,0.11,0.032,3.829,B9 IV  Si,good,10848.1¡À23.39,0.11¡À0.018,3.829¡À0.032
864510123,J035812.01+540619.2,105.53,STAR,A1,444346050750958464,59.550063,54.105355,10865.1,32.78,0.026,0.483,0.045,3.577,Unclassifiable,,10865.1¡À32.78,0.483¡À0.026,3.577¡À0.045
1146714101,J234629.78+623717.4,53.52,STAR,A1,2015977526139016704,356.6240883,62.6215017,10868.2,34.09,0.029,0.455,0.049,3.696,A0 III  Si,good,10868.2¡À34.09,0.455¡À0.029,3.696¡À0.049
1158813084,J053131.37+361934.2,161.54,STAR,A1,183413902615252480,82.8807494,36.3261853,10884.1,33.35,0.024,0.457,0.044,3.518,B8 V  Si,good,10884.1¡À33.35,0.457¡À0.024,3.518¡À0.044
1148210236,J062558.70+012015.3,93.69,STAR,A1,3123495557062354048,96.494604,1.3375897,10887.9,37.22,0.03,0.513,0.052,3.782,B9 IV  Si,vgood,10887.9¡À37.22,0.513¡À0.03,3.782¡À0.052
1089707131,J054251.96+415118.9,110.23,STAR,A1,192858501339464960,85.716504,41.855251,10889.5,68.87,0.055,0.61,0.095,3.611,Unclassifiable,,10889.5¡À68.87,0.61¡À0.055,3.611¡À0.095
1074111165,J044212.55+580056.6,55.79,STAR,A1,278702218842017536,70.552293,58.015729,10905.1,60,0.052,0.895,0.086,3.673,Unclassifiable,,10905.1¡À60,0.895¡À0.052,3.673¡À0.086
189502093,J062057.94+252016.2,79.06,STAR,A1,3431840811249063424,95.241421,25.33786,10920.6,27.63,0.023,0.134,0.039,3.841,kB9hA0mA2  Si,,10920.6¡À27.63,0.134¡À0.023,3.841¡À0.039
380713187,J021731.61+553623.4,85.9,STAR,A1,456720504368498048,34.381721,55.606526,10923.2,43.28,0.036,0.604,0.06,3.689,B9 III-IV  Si,vgood,10923.2¡À43.28,0.604¡À0.036,3.689¡À0.06
1187703040,J052042.28+361319.2,51.45,STAR,A1,183973863270977664,80.1762052,36.2220171,10929.7,47.07,0.041,0.398,0.067,3.93,B9.5 III-IV  Si,vgood,10929.7¡À47.07,0.398¡À0.041,3.93¡À0.067
330915208,J060052.78+202043.4,67.72,STAR,A1,3422851032381688448,90.219918,20.345411,10949.1,42.84,0.036,0.477,0.061,3.657,B9 III-IV  Si,vgood,10949.1¡À42.84,0.477¡À0.036,3.657¡À0.061
1158409155,J064023.92+053236.6,375.05,STAR,A3,3131054592129068672,100.0996679,5.5435245,10955.5,44.53,0.024,0.729,0.055,3.639,B9 III-IV  Si,good,10955.5¡À44.53,0.729¡À0.024,3.639¡À0.055
1148216106,J062837.08+033847.5,75.76,STAR,A1,3130378946528858112,97.1545251,3.6465388,10967.9,66.6,0.056,0.94,0.094,3.714,Unclassifiable,,10967.9¡À66.6,0.94¡À0.056,3.714¡À0.094
962002103,J042423.01+423648.6,82.25,STAR,A1,228501988255736960,66.095891,42.613521,10973.7,32.82,0.027,0.217,0.046,3.581,B8 V  Si,vgood,10973.7¡À32.82,0.217¡À0.027,3.581¡À0.046
990206079,J063447.48+154714.2,62.53,STAR,A1,3357103638655545984,98.697836,15.787297,10977.5,42.41,0.036,0.638,0.06,3.643,B9 III-IV  Si,good,10977.5¡À42.41,0.638¡À0.036,3.643¡À0.06
83008041,J060149.57+380431.4,76.35,STAR,A1,3456998938664511616,90.45655,38.075411,10995.3,27.09,0.023,0.295,0.038,3.794,B8 V  Si,vgood,10995.3¡À27.09,0.295¡À0.023,3.794¡À0.038
1148205238,J062955.26+012149.8,129.84,STAR,A1,3120813710763977728,97.4802786,1.3638392,11003.1,56.89,0.043,0.702,0.077,3.733,B8 V  Si,good,11003.1¡À56.89,0.702¡À0.043,3.733¡À0.077
469801152,J195921.71+352046.3,58.88,STAR,A2,2059388543000290176,299.8404931,35.3462203,11003.4,74.93,0.064,0.911,0.107,3.7,B9 III-IV  Si,good,11003.4¡À74.93,0.911¡À0.064,3.7¡À0.107
1159710238,J033850.55+505106.9,104.47,STAR,A1,442068687290850560,54.7106525,50.8519267,11037.9,34.64,0.028,0.481,0.048,3.563,B9 III-IV  Si,vgood,11037.9¡À34.64,0.481¡À0.028,3.563¡À0.048
134615222,J070532.68+293053.1,81.55,STAR,A1,-9999,106.3862,29.514773,11038.3,37.19,0.031,0.648,0.052,3.67,Unclassifiable,,11038.3¡À37.19,0.648¡À0.031,3.67¡À0.052
1069908033,J050739.87+151255.7,110.28,STAR,A1,3392297047352664576,76.9161666,15.215475,11039.7,45.3,0.036,0.581,0.062,3.602,B9.5 III  Si,good,11039.7¡À45.3,0.581¡À0.036,3.602¡À0.062
1157801101,J052244.93+340438.8,73.89,STAR,A5,182756532101015936,80.6872304,34.0774485,11043.1,63.57,0.053,0.74,0.09,3.617,B9 IV  Si,good,11043.1¡À63.57,0.74¡À0.053,3.617¡À0.09
1187713049,J053541.67+364103.6,174.05,STAR,A1,189254474021191552,83.9236581,36.6843606,11065,19.19,0.013,0.266,0.025,3.803,B9 III-IV  Si,good,11065¡À19.19,0.266¡À0.013,3.803¡À0.025
1158405200,J063952.92+033135.0,286.12,STAR,A1,3127558012011149824,99.9705354,3.5263893,11082.8,42.23,0.023,0.67,0.052,3.852,B9 III-IV  Si,vgood,11082.8¡À42.23,0.67¡À0.023,3.852¡À0.052
127809207,J060022.31+292353.7,61.54,STAR,A2,3431662995304875008,90.092971,29.398262,11102,31.52,0.027,0.228,0.045,3.629,Unclassifiable,,11102¡À31.52,0.228¡À0.027,3.629¡À0.045
402312177,J064510.49+252340.5,93.64,STAR,A2,3384561742535375616,101.2937464,25.3945869,11113.4,28.36,0.023,0.24,0.039,3.929,B8 V  Si,good,11113.4¡À28.36,0.24¡À0.023,3.929¡À0.039
697809135,J062851.10+225629.9,248.64,STAR,A2,3376549188985297408,97.21402861,22.94235111,11120.6,13.85,0.008,0.22,0.017,3.822,B8 V  Si,vgood,11120.6¡À13.85,0.22¡À0.008,3.822¡À0.017
1073807195,J014721.80+560416.3,123.47,STAR,A1,409470538351364736,26.840861,56.071222,11121.4,73.8,0.057,0.749,0.1,3.658,B9 IV  Si,vgood,11121.4¡À73.8,0.749¡À0.057,3.658¡À0.1
1059114016,J023200.25+564112.8,193.53,STAR,A1,457959997571529856,38.001072,56.686911,11129.8,42.38,0.027,0.745,0.054,3.945,B9.5 III  Si,poor,11129.8¡À42.38,0.745¡À0.027,3.945¡À0.054
1160111151,J063805.97+070536.4,63.65,STAR,A1,3133703319938598272,99.5249056,7.0934451,11137.2,35.72,0.03,0.419,0.051,4.014,Unclassifiable,,11137.2¡À35.72,0.419¡À0.03,4.014¡À0.051
40515157,J051755.89+384157.9,86.12,STAR,A1,187802564620416000,79.482899,38.699437,11138.9,32.5,0.027,0.413,0.045,3.741,B8 V  Si,vgood,11138.9¡À32.5,0.413¡À0.027,3.741¡À0.045
603010025,J042634.04+405601.2,160.43,STAR,A2,-9999,66.64172639,40.93250889,11141.5,18.62,0.013,0.392,0.024,3.883,B8 V  Si,vgood,11141.5¡À18.62,0.392¡À0.013,3.883¡À0.024
1073811088,J014204.07+595122.8,94.78,STAR,A1,509536919800121088,25.516998,59.856349,11141.7,42.59,0.035,0.629,0.059,3.757,B9 IV  Si,vgood,11141.7¡À42.59,0.629¡À0.035,3.757¡À0.059
1074103093,J043801.57+553158.4,78.86,STAR,A1,277127683831892736,69.506556,55.532905,11164.8,41.15,0.034,0.521,0.058,3.565,B9.5 III-IV  Si,vgood,11164.8¡À41.15,0.521¡À0.034,3.565¡À0.058
869315201,J065853.59+012655.4,84.72,STAR,A1,3113930694955439360,104.723327,1.44873,11178.8,35.82,0.03,0.655,0.05,3.666,B9 IV  Si,vgood,11178.8¡À35.82,0.655¡À0.03,3.666¡À0.05
1187216216,J020901.99+563403.8,102.43,STAR,A2,457064307914091904,32.2583308,56.5677277,11188.1,29.64,0.024,0.656,0.041,4.371,B9.5 II-III  Si,vgood,11188.1¡À29.64,0.656¡À0.024,4.371¡À0.041
1187811218,J070208.71+012937.9,113.51,STAR,A1,3115379580705187840,105.5363028,1.4938779,11197.4,55.82,0.044,0.692,0.076,3.681,B9 III-IV  Si,vgood,11197.4¡À55.82,0.692¡À0.044,3.681¡À0.076
1187802208,J070017.84-022604.9,99.66,STAR,A5,3108934518420854912,105.0743688,-2.4347211,11200.3,41.27,0.033,0.776,0.057,4.13,A1 II-III  (Sr)SiEu,vgood,11200.3¡À41.27,0.776¡À0.033,4.13¡À0.057
1189610211,J051745.74+353632.4,227.8,STAR,A1,183837863129237120,79.4405963,35.6090276,11206.5,18.5,0.011,0.243,0.023,3.735,B8 V  Si,vgood,11206.5¡À18.5,0.243¡À0.011,3.735¡À0.023
195116035,J053640.93+243753.3,68.36,STAR,A2,3416733177885234688,84.170575,24.631482,11214.6,58.16,0.049,0.745,0.082,3.67,B9 IV  Si,vgood,11214.6¡À58.16,0.745¡À0.049,3.67¡À0.082
592109118,J042336.20+472927.2,50.19,STAR,A2,257897191103629952,65.90086,47.490913,11226.7,34.08,0.03,0.359,0.049,3.698,B9.5 III  Si,vgood,11226.7¡À34.08,0.359¡À0.03,3.698¡À0.049
1159702222,J034228.60+493608.0,78.8,STAR,A5,249607629344087680,55.6191674,49.6022332,11228.4,86.91,0.073,0.954,0.122,3.773,kA0hA2mA3  Si,,11228.4¡À86.91,0.954¡À0.073,3.773¡À0.122
778214086,J063702.66+241045.7,257.7,STAR,A2,3383051765177481216,99.2611244,24.179377,11265.8,11.7,0.007,0.121,0.014,3.959,A0 III  Si,good,11265.8¡À11.7,0.121¡À0.007,3.959¡À0.014
1158304087,J052441.37+355627.7,57.43,STAR,A1,183731725898399488,81.1723819,35.9410431,11266.9,32.71,0.028,0.781,0.047,3.872,B9 III-IV  Si,fair,11266.9¡À32.71,0.781¡À0.028,3.872¡À0.047
1208913065,J041407.67+473146.8,159.63,STAR,A1,234148049180765440,63.5319951,47.5296683,11291.7,73.99,0.053,0.823,0.097,3.677,B8 V  Si,good,11291.7¡À73.99,0.823¡À0.053,3.677¡À0.097
1143315082,J003822.54+574217.3,119.65,STAR,A2,424905620022295296,9.5939428,57.704812,11304.8,50.19,0.039,0.806,0.068,3.626,kA0hA2mA5  SrSi,,11304.8¡À50.19,0.806¡À0.039,3.626¡À0.068
1187810208,J065657.15-013813.5,51.67,STAR,A1,3112101696024488192,104.2381445,-1.6370943,11305.8,63.7,0.055,0.853,0.091,3.75,B9.5 III  Si,vgood,11305.8¡À63.7,0.853¡À0.055,3.75¡À0.091
37707193,J042634.01+405557.0,203.8,STAR,A2,228039643613686528,66.641725,40.932507,11308.6,14.72,0.009,0.423,0.019,3.802,B9.5 III-IV  Si,vgood,11308.6¡À14.72,0.423¡À0.009,3.802¡À0.019
1109713084,J070915.71+241321.1,116.98,STAR,A1,870624097496314624,107.315462,24.2225523,11313.1,60.26,0.047,0.731,0.082,3.563,F0 mA0 V Lam Boo,,11313.1¡À60.26,0.731¡À0.047,3.563¡À0.082
1059112082,J025622.13+570656.3,118.06,STAR,A1,460660913521925248,44.092243,57.115642,11324.6,42.05,0.033,0.76,0.057,3.723,Unclassifiable,,11324.6¡À42.05,0.76¡À0.033,3.723¡À0.057
689012060,J233940.94+521202.8,268.17,STAR,A2,1992986944155743872,354.92061,52.200796,11330.9,57.56,0.032,0.977,0.071,3.778,M2 III-IV,poor,11330.9¡À57.56,0.977¡À0.032,3.778¡À0.071
252913065,J030137.44+020959.4,93.81,STAR,A1,-9999,45.40603,2.16651,11334.1,54.71,0.045,0.707,0.076,3.915,B9.5 III  Si,vgood,11334.1¡À54.71,0.707¡À0.045,3.915¡À0.076
1205907121,J051015.66+304121.8,271.61,STAR,A1,156415527737531776,77.5652885,30.6893985,11334.9,35.98,0.02,0.552,0.044,3.725,kB8hF0mA6,,11334.9¡À35.98,0.552¡À0.02,3.725¡À0.044
990202241,J062410.94+145123.0,87.39,STAR,A1,3368728397139382144,96.045598,14.856403,11340.2,38.95,0.032,0.6,0.054,3.756,B9 III-IV  Si,vgood,11340.2¡À38.95,0.6¡À0.032,3.756¡À0.054
992708210,J054049.70+384145.0,121.47,STAR,A1,190053750256669696,85.207098,38.695855,11371,45.1,0.035,0.774,0.061,3.754,B9.5 III  Si,vgood,11371¡À45.1,0.774¡À0.035,3.754¡À0.061
1146802132,J034833.30+583339.2,99.19,STAR,A1,473171427401630080,57.1387733,58.5609049,11388.4,47.28,0.038,0.74,0.065,3.764,B9.5 III  Si,vgood,11388.4¡À47.28,0.74¡À0.038,3.764¡À0.065
1206405200,J043202.23+445648.1,52.27,STAR,A1,253549378533590784,68.0093281,44.9467191,11397.8,28.73,0.025,0.441,0.041,3.852,B9.5 III  Si,vgood,11397.8¡À28.73,0.441¡À0.025,3.852¡À0.041
1145501180,J210902.12+323223.1,155.54,STAR,A1,1865210670670168576,317.2588504,32.5397738,11400.6,49.3,0.035,0.824,0.065,3.936,B9.5 III-IV  Si,good,11400.6¡À49.3,0.824¡À0.035,3.936¡À0.065
400011022,J040411.29+490053.3,88.63,STAR,A2,247232546792718976,61.04706,49.014807,11410.4,34.26,0.028,0.369,0.048,3.687,B8 V  Si,vgood,11410.4¡À34.26,0.369¡À0.028,3.687¡À0.048
431603157,J062405.46+204246.5,94.87,STAR,A2,3375673324897377024,96.0227592,20.7129361,11412.3,36.39,0.03,0.587,0.051,4.175,B9 III-IV  Si,vgood,11412.3¡À36.39,0.587¡À0.03,4.175¡À0.051
424405090,J053630.75+424006.2,59.06,STAR,A1,194690906186370176,84.128125,42.668391,11413.9,40.85,0.035,0.723,0.058,3.578,B7 V  Si,good,11413.9¡À40.85,0.723¡À0.035,3.578¡À0.058
1145711199,J052323.31+382959.7,122.46,STAR,A1,187634584157689216,80.8471611,38.4999332,11414.2,48.87,0.038,0.745,0.066,3.778,B8 IV-V  Si,vgood,11414.2¡À48.87,0.745¡À0.038,3.778¡À0.066
1208915108,J035546.02+481518.6,53.36,STAR,A1,246913894577507968,58.9417708,48.2551857,11416.7,27.46,0.024,0.487,0.039,3.894,B9.5 III,good,11416.7¡À27.46,0.487¡À0.024,3.894¡À0.039
978002244,J053339.39+340435.9,68.93,STAR,A1,3449550095283632512,83.414155,34.076666,11423.8,37.75,0.032,0.325,0.053,3.886,B9 III  Si,good,11423.8¡À37.75,0.325¡À0.032,3.886¡À0.053
587908022,J205917.54+431444.1,120.2,STAR,A2,2162053383959339648,314.8231,43.245606,11448.9,40.44,0.031,0.743,0.055,4.102,B8 IV  Si,vgood,11448.9¡À40.44,0.743¡À0.031,4.102¡À0.055
1173304183,J063940.12+051134.6,53.28,STAR,A1,3131015804282187776,99.9171897,5.1929703,11467.5,45.62,0.039,0.866,0.065,3.776,Unclassifiable,,11467.5¡À45.62,0.866¡À0.039,3.776¡À0.065
1208111158,J051313.97+423414.2,74.59,STAR,A1,201443964867172736,78.3082185,42.5706265,11467.5,50.15,0.042,0.683,0.071,4.032,kB9hA0mA2,,11467.5¡À50.15,0.683¡À0.042,4.032¡À0.071
843216101,J051441.90+180725.1,115.93,STAR,A1,3395291154954312320,78.6746078,18.1236528,11487.5,24.3,0.019,0.37,0.033,3.739,Unclassifiable,,11487.5¡À24.3,0.37¡À0.019,3.739¡À0.033
190201063,J041509.96+401428.3,440.68,STAR,A1,227797613615053440,63.791534,40.241203,11503.7,8.75,0.005,0.214,0.011,3.995,F0 mB7 V Lam Boo,,11503.7¡À8.75,0.214¡À0.005,3.995¡À0.011
1148214178,J062518.18+024911.5,87.93,STAR,A3,3124224876869445632,96.3257741,2.8198675,11504.1,48.69,0.04,0.886,0.068,3.817,DA,,11504.1¡À48.69,0.886¡À0.04,3.817¡À0.068
263704054,J041900.53+470143.3,80.56,STAR,A1,233887052609104768,64.7522178,47.0286992,11509,47.85,0.04,0.933,0.067,3.824,B9.5 III  Si,vgood,11509¡À47.85,0.933¡À0.04,3.824¡À0.067
1204612077,J053750.23+280411.7,374.83,STAR,A1,3442546824687824256,84.4593076,28.0699292,11511,25.46,0.014,0.834,0.031,3.857,B9 III-IV  Si,good,11511¡À25.46,0.834¡À0.014,3.857¡À0.031
1173302197,J063400.25+025534.7,87.89,STAR,A3,3130035516647588736,98.5010726,2.9263272,11523.6,66.65,0.055,0.925,0.093,3.972,B8 IV  Si,vgood,11523.6¡À66.65,0.925¡À0.055,3.972¡À0.093
1209008100,J063731.06+083547.6,117.15,STAR,A1,3326164103004176128,99.3794175,8.5965758,11529.5,29.48,0.023,0.559,0.04,3.873,B8 V  Si,vgood,11529.5¡À29.48,0.559¡À0.023,3.873¡À0.04
267715150,J062449.66+175514.3,155.38,STAR,A1,3370543450318367232,96.206958,17.920646,11541.2,19.03,0.014,0.375,0.025,3.869,kA0hF5mK2,,11541.2¡À19.03,0.375¡À0.014,3.869¡À0.025
1209003040,J062942.73+083823.1,77.67,STAR,A1,3326294223333131648,97.4280581,8.6397613,11542.7,54.21,0.045,0.901,0.076,3.865,B9.5 III  Si,vgood,11542.7¡À54.21,0.901¡À0.045,3.865¡À0.076
1206407106,J043802.33+444741.3,95.61,STAR,A3,253078100356757120,69.5097131,44.7948292,11547,81.87,0.067,0.91,0.114,3.674,B9.5 III  Si,vgood,11547¡À81.87,0.91¡À0.067,3.674¡À0.114
814804077,J070737.87+041941.7,120.83,STAR,A1,3116459369840508544,106.907811,4.328264,11556.3,52.03,0.04,0.948,0.071,3.815,B8 III  Si,fair,11556.3¡À52.03,0.948¡À0.04,3.815¡À0.071
1089214146,J065335.32+011002.2,61.89,STAR,A1,3114015941468302720,103.397172,1.167305,11558.5,38.32,0.033,0.615,0.054,3.951,Unclassifiable,,11558.5¡À38.32,0.615¡À0.033,3.951¡À0.054
960204117,J062737.12+182912.8,212.57,STAR,A2,3372090360099764352,96.9046688,18.4868993,11563.4,14.12,0.009,0.556,0.018,3.882,F0 mA3 V Lam Boo,,11563.4¡À14.12,0.556¡À0.009,3.882¡À0.018
1146815101,J034145.51+605757.8,86,STAR,A1,474419892793870464,55.4396449,60.9660609,11578.6,38.15,0.031,0.83,0.053,4.03,B9 III  Si,good,11578.6¡À38.15,0.83¡À0.031,4.03¡À0.053
1157811112,J052621.01+384140.6,93.04,STAR,A1,190652399976966528,81.5875725,38.6946326,11578,32.17,0.026,0.296,0.045,4.061,B8 V  Si,vgood,11578¡À32.17,0.296¡À0.026,4.061¡À0.045
284211190,J053150.01+401807.4,53.79,STAR,A1,194218214966944384,82.958397,40.302071,11583.4,36.55,0.032,0.553,0.052,4.11,B9 III  Si,vgood,11583.4¡À36.55,0.553¡À0.032,4.11¡À0.052
1204613084,J053847.86+263514.7,105.07,STAR,A1,3441227891771007744,84.6994534,26.5874258,11586.5,35.29,0.028,0.672,0.049,3.67,B8 V,fair,11586.5¡À35.29,0.672¡À0.028,3.67¡À0.049
1073813103,J015548.60+590435.7,75.81,STAR,A2,506340875717421568,28.952523,59.076601,11601.5,58.6,0.049,0.891,0.082,3.965,A0 V  Si,fair,11601.5¡À58.6,0.891¡À0.049,3.965¡À0.082
1186607105,J051230.88+452201.9,128.72,STAR,A1,211690111868217472,78.12869,45.3671946,11602.9,34.67,0.026,0.678,0.047,3.788,B9.5 III  Si,vgood,11602.9¡À34.67,0.678¡À0.026,3.788¡À0.047
713704112,J062135.75+251618.7,87.25,STAR,A2,3431827136073171712,95.3989992,25.2718803,11614.8,46.14,0.038,0.686,0.064,4.139,kB9.5hA1mA2  Si,,11614.8¡À46.14,0.686¡À0.038,4.139¡À0.064
619009105,J004033.39+483828.8,303.35,STAR,A1,390539937415629312,10.139162,48.641346,11620.2,18.07,0.01,0.677,0.022,3.994,B9 III,vgood,11620.2¡À18.07,0.677¡À0.01,3.994¡À0.022
1188602160,J061018.87+052231.7,71.47,STAR,A1,3318674401595415168,92.5786363,5.3754993,11626.1,47.63,0.04,0.899,0.067,3.771,B8 V  Si,good,11626.1¡À47.63,0.899¡À0.04,3.771¡À0.067
1158408028,J064148.47+043828.1,66.78,STAR,A1,3130737868358241152,100.4519767,4.6411646,11629.5,45.25,0.038,0.718,0.064,3.874,B9 III-IV  Si,vgood,11629.5¡À45.25,0.718¡À0.038,3.874¡À0.064
255705242,J065701.20-005852.9,223.17,STAR,A1,3112419175705125120,104.2546944,-0.98136806,11629.7,10.91,0.007,0.257,0.014,4.069,B9 III,vgood,11629.7¡À10.91,0.257¡À0.007,4.069¡À0.014
537604055,J032808.10+561811.1,127.63,STAR,A1,-9999,52.031554,56.303092,11637,26.28,0.02,0.639,0.036,4.131,B9 IV  Si,vgood,11637¡À26.28,0.639¡À0.02,4.131¡À0.036
869311011,J065848.22+015640.7,73.61,STAR,A1,3115651847269974144,104.7009364,1.944656,11640.6,32.97,0.028,0.712,0.046,4.196,B8 V  Si,vgood,11640.6¡À32.97,0.712¡À0.028,4.196¡À0.046
1205915120,J045837.74+322709.0,88.16,STAR,A1,160560450350369920,74.6572874,32.4525103,11644.8,31.21,0.026,0.833,0.044,4.08,B9.5 III  Si,good,11644.8¡À31.21,0.833¡À0.026,4.08¡À0.044
1158308166,J052614.47+353454.2,62.71,STAR,A0,182957051237203584,81.5603104,35.5817248,11649.1,46.35,0.04,0.854,0.066,4.064,B9 III  Si,good,11649.1¡À46.35,0.854¡À0.04,4.064¡À0.066
1209010038,J062650.43+080817.3,99.43,STAR,A1,3325521919495690496,96.7101345,8.1381532,11660.3,31.92,0.026,0.799,0.044,4.355,B8 IV  Si,vgood,11660.3¡À31.92,0.799¡À0.026,4.355¡À0.044
1146703128,J235521.17+624326.8,50.77,STAR,A3,2013073887735734784,358.8382137,62.7241316,11660,43.43,0.038,0.85,0.062,3.917,A0 II-III  SrSi,vgood,11660¡À43.43,0.85¡À0.038,3.917¡À0.062
1148207188,J063521.77-000101.4,52.12,STAR,A1,3119671867937309568,98.840745,-0.0170766,11663.8,63.18,0.055,0.948,0.09,4.036,B8 IV-V  Si,good,11663.8¡À63.18,0.948¡À0.055,4.036¡À0.09
843202072,J051433.92+143740.8,134.36,STAR,A1,3393467954221277824,78.6413545,14.6280183,11678.5,38.55,0.029,0.749,0.052,4.219,B9 III-IV  Si,vgood,11678.5¡À38.55,0.749¡À0.029,4.219¡À0.052
1173614067,J042257.57+465234.4,80.86,STAR,A1,257090974197590272,65.7398955,46.8762472,11678,26.4,0.022,0.612,0.037,4,A0 II-III  Si,good,11678¡À26.4,0.612¡À0.022,4¡À0.037
1186608017,J050726.28+455635.7,135.61,STAR,A1,205998313828835712,76.8595235,45.943271,11681.4,27.3,0.021,0.647,0.037,4.07,B9 III-IV  Si,vgood,11681.4¡À27.3,0.647¡À0.021,4.07¡À0.037
1207110227,J052222.14+311110.8,50.11,STAR,A1,3447297024158694144,80.5922685,31.1863523,11681.7,52.67,0.046,0.672,0.075,3.801,B9.5 III  Si,vgood,11681.7¡À52.67,0.672¡À0.046,3.801¡À0.075
1204407150,J052822.44+341417.9,121.55,STAR,A1,182622284305741056,82.0935384,34.2383101,11684.6,50.62,0.039,0.903,0.069,3.824,B9 IV  Si,vgood,11684.6¡À50.62,0.903¡À0.039,3.824¡À0.069
1208115166,J051354.57+405038.0,51.99,STAR,A1,189084732616316416,78.4773831,40.8439028,11689.1,69.11,0.06,0.762,0.099,3.797,B9 III  Si,vgood,11689.1¡À69.11,0.762¡À0.06,3.797¡À0.099
1145715174,J052449.98+371112.5,108.52,STAR,A1,184427686695487488,81.2082853,37.1868117,11692.2,27.65,0.022,0.692,0.038,3.849,B9 III  Si,vgood,11692.2¡À27.65,0.692¡À0.022,3.849¡À0.038
1158804039,J052256.19+361511.7,65.42,STAR,A1,183800273576967808,80.7341658,36.2532674,11704.4,52.58,0.045,0.575,0.075,3.759,B7 IV-V,good,11704.4¡À52.58,0.575¡À0.045,3.759¡À0.075
268908188,J063630.23-041040.3,103.1,STAR,A1,3104715898462315264,99.125963,-4.177867,11705.4,25.62,0.021,0.537,0.035,4.102,B9 III-IV  Si,vgood,11705.4¡À25.62,0.537¡À0.021,4.102¡À0.035
1143205245,J202944.73+322525.7,115.97,STAR,A1,1863656751509814912,307.4364073,32.4238261,11706.9,54.71,0.043,0.842,0.075,3.614,B8 III-IV  Si,good,11706.9¡À54.71,0.842¡À0.043,3.614¡À0.075
1206410059,J041837.73+452954.2,107.9,STAR,A1,232948443337774720,64.6572447,45.4983895,11715.1,37.1,0.03,0.864,0.051,4.235,A0 II-III  (Sr)Si,vgood,11715.1¡À37.1,0.864¡À0.03,4.235¡À0.051
1185111171,J033033.96+430204.2,106.67,STAR,A1,238433017794259584,52.6415262,43.0345275,11720.6,36.59,0.029,0.831,0.05,3.748,B8 V  Si,good,11720.6¡À36.59,0.831¡À0.029,3.748¡À0.05
1145506083,J211407.24+342017.7,615.32,STAR,A1,1866990024084992512,318.5301935,34.3382516,11734.3,15.09,0.008,0.585,0.019,3.579,Unclassifiable,,11734.3¡À15.09,0.585¡À0.008,3.579¡À0.019
1185909100,J050451.10+331837.1,61.93,STAR,A3,184687618115439488,76.2129309,33.3103241,11748.2,41.91,0.036,0.873,0.06,3.97,A0 II  (Sr)Si,good,11748.2¡À41.91,0.873¡À0.036,3.97¡À0.06
258905097,J052509.64+284448.3,90.6,STAR,A1,3445599064671494912,81.290188,28.746755,11749.4,28.17,0.023,0.219,0.039,3.893,F1 mB7 V Lam Boo,,11749.4¡À28.17,0.219¡À0.023,3.893¡À0.039
898102165,J064712.38+014855.4,82.32,STAR,A5,3125971068834084224,101.801586,1.8154128,11779.6,48.6,0.04,0.935,0.068,3.699,Unclassifiable,,11779.6¡À48.6,0.935¡À0.04,3.699¡À0.068
1059104235,J024748.93+560414.8,183.4,STAR,A1,454552233076562560,41.95388,56.070793,11781.8,30.69,0.02,0.888,0.039,3.988,Unclassifiable,,11781.8¡À30.69,0.888¡À0.02,3.988¡À0.039
330903010,J055842.77+182602.6,76.51,STAR,A1,3350465646440273792,89.678225,18.434063,11797.8,139.1,0.116,0.854,0.196,4.298,A0 II  SrSiEu,vgood,11797.8¡À139.1,0.854¡À0.116,4.298¡À0.196
1046711065,J200227.63+161946.4,142.4,STAR,A1,1808139488848967168,300.615147,16.329582,11812.1,33.08,0.024,0.864,0.044,3.819,B8 V  Si,vgood,11812.1¡À33.08,0.864¡À0.024,3.819¡À0.044
271116149,J055350.94+181838.1,52.69,STAR,A2,3398158299026736000,88.46226,18.310584,11812.2,47.25,0.041,0.982,0.067,3.874,B9.5 II-III  Si,vgood,11812.2¡À47.25,0.982¡À0.041,3.874¡À0.067
1187709170,J052714.18+365932.5,66.6,STAR,A2,184301483375830784,81.8091074,36.992381,11820.5,51.44,0.044,0.975,0.073,3.869,Unclassifiable,,11820.5¡À51.44,0.975¡À0.044,3.869¡À0.073
1171604167,J004124.05+565740.3,86.68,STAR,A1,424589029394678656,10.3502328,56.9611977,11822.9,32.81,0.027,0.729,0.046,3.819,B8 IV-V,good,11822.9¡À32.81,0.729¡À0.027,3.819¡À0.046
382115238,J062344.44+012625.5,113.05,STAR,A1,3123492052368807808,95.93490778,1.44042806,11826.9,25.71,0.02,0.265,0.035,4.141,B7 V  Si,vgood,11826.9¡À25.71,0.265¡À0.02,4.141¡À0.035
758401134,J061550.03+275939.0,117.67,STAR,A2,3433376451036323840,93.9584586,27.9941683,11827.5,33.91,0.026,0.762,0.046,3.924,kB9hA0mA2  SrSi,,11827.5¡À33.91,0.762¡À0.026,3.924¡À0.046
990204156,J062648.69+161347.6,128.78,STAR,A1,3369332681858813568,96.702879,16.229907,11828.3,24.68,0.019,0.601,0.033,4.252,B7 V  Si,good,11828.3¡À24.68,0.601¡À0.019,4.252¡À0.033
535714208,J041257.10+512116.2,121.78,STAR,A1,271729803299971712,63.2379397,51.3545086,11830.9,37.67,0.029,0.759,0.051,3.765,A0 II-III  Si,vgood,11830.9¡À37.67,0.759¡À0.029,3.765¡À0.051
1209014164,J062229.63+091804.9,66.25,STAR,A1,3325899528721544064,95.6234698,9.3013797,11846.1,41.4,0.035,0.834,0.059,3.96,Unclassifiable,,11846.1¡À41.4,0.834¡À0.035,3.96¡À0.059
1089214110,J065142.50+004910.1,51.48,STAR,A1,3113605072016093312,102.927092,0.819487,11854.1,36.6,0.032,0.852,0.052,4.068,B9 II-III  Si,good,11854.1¡À36.6,0.852¡À0.032,4.068¡À0.052
1206408021,J043419.63+452524.8,107.21,STAR,A1,253588754793143040,68.5818032,45.4235564,11858.6,45.06,0.036,0.979,0.062,3.806,B8 IV-V  Si,good,11858.6¡À45.06,0.979¡À0.036,3.806¡À0.062
1145709046,J052721.16+371230.0,82.83,STAR,A1,184317391934607104,81.8381871,37.2083601,11870.2,54.77,0.045,0.986,0.077,3.818,B9 II-III  Si,good,11870.2¡À54.77,0.986¡À0.045,3.818¡À0.077
1158209080,J021932.81+563243.3,140.74,STAR,A3,458321152784609792,34.8867242,56.5453836,11870.9,50.52,0.038,0.91,0.068,4.109,A1 II  (Sr)SiEu,good,11870.9¡À50.52,0.91¡À0.038,4.109¡À0.068
617406049,J012958.92+603535.1,100.6,STAR,A2,510598189039277312,22.495519,60.593093,11873.7,43.36,0.035,0.839,0.06,3.832,B8 IV  Si,vgood,11873.7¡À43.36,0.839¡À0.035,3.832¡À0.06
648615180,J061419.18+255452.0,80.31,STAR,A1,3426874660823933184,93.5799322,25.9144522,11878.8,29.39,0.024,0.725,0.041,4.08,Unclassifiable,,11878.8¡À29.39,0.725¡À0.024,4.08¡À0.041
1173307237,J064414.63+030124.9,54.08,STAR,A1,3127273066701336704,101.0609629,3.0236035,11881.1,55.34,0.048,0.667,0.079,3.805,A0 II-III  Si,vgood,11881.1¡À55.34,0.667¡À0.048,3.805¡À0.079
1016804088,J190812.85+482935.3,74.01,STAR,A1,2131117284281652992,287.053558,48.49315,11885.9,41.29,0.035,0.725,0.058,3.844,B9 III-IV  Si,fair,11885.9¡À41.29,0.725¡À0.035,3.844¡À0.058
1208114211,J045953.26+402407.4,92.59,STAR,A1,200791129837694848,74.9719491,40.402072,11890.6,45.03,0.037,0.892,0.063,3.858,B7 V  Si,good,11890.6¡À45.03,0.892¡À0.037,3.858¡À0.063
267701138,J062520.81+152630.0,152.35,STAR,A1,3368859857499120896,96.336745,15.441669,11895.9,17.14,0.012,0.443,0.023,4.329,B9 III,vgood,11895.9¡À17.14,0.443¡À0.012,4.329¡À0.023
1073813189,J015911.14+585514.6,68.21,STAR,A1,506280338157033088,29.796458,58.920745,11899.1,43.14,0.037,0.905,0.061,3.948,B9 II-III  Si ,poor,11899.1¡À43.14,0.905¡À0.037,3.948¡À0.061
1073509041,J044936.18+531322.5,67,STAR,A1,273045678195931776,72.400774,53.222944,11903.2,49.36,0.042,0.989,0.07,3.57,A0 II  Si,good,11903.2¡À49.36,0.989¡À0.042,3.57¡À0.07
1206411195,J042936.24+481634.0,195.65,STAR,A1,258024180397457792,67.4010046,48.2761243,11904.2,19.43,0.013,0.544,0.025,4.003,Unclassifiable,,11904.2¡À19.43,0.544¡À0.013,4.003¡À0.025
1048410196,J212526.87+323226.2,179.2,STAR,A1,1854102923170494848,321.3619639,32.5406338,11912.9,29.14,0.02,0.937,0.038,3.89,B9.5 III,good,11912.9¡À29.14,0.937¡À0.02,3.89¡À0.038
1186004234,J063136.37+201855.5,482.87,STAR,A2,3372923858634289664,97.9015706,20.3154193,11913,13.68,0.008,0.854,0.017,4.006,B8 IV-V  Si,vgood,11913¡À13.68,0.854¡À0.008,4.006¡À0.017
203706026,J061838.87+132901.0,57.14,STAR,A2,3332509796926340864,94.661964,13.483622,11917.5,45.45,0.039,0.81,0.065,3.971,B9 II-III  Si,good,11917.5¡À45.45,0.81¡À0.039,3.971¡À0.065
1073816246,J013536.90+602129.8,68.64,STAR,A1,509805509878684032,23.903755,60.358285,11917.6,33.82,0.029,0.612,0.048,4.032,B8 V  Si,vgood,11917.6¡À33.82,0.612¡À0.029,4.032¡À0.048
1207111063,J053339.39+340436.0,71.15,STAR,A1,3449550095283632512,83.4141333,34.0766719,11921.4,37.1,0.031,0.779,0.052,4.069,Unclassifiable,,11921.4¡À37.1,0.779¡À0.031,4.069¡À0.052
1207112113,J054029.84+333930.6,57.27,STAR,A1,3449338404934885248,85.1243449,33.6585254,11938.3,43.42,0.037,0.842,0.062,4.053,B8 IV-V  Si,vgood,11938.3¡À43.42,0.842¡À0.037,4.053¡À0.062
1204612122,J053930.56+281048.2,175.38,STAR,A1,3442597672804043136,84.8773748,28.180056,11942.6,23.34,0.016,0.725,0.03,3.887,B9 IV  Si,vgood,11942.6¡À23.34,0.725¡À0.016,3.887¡À0.03
1185906013,J050854.46+305203.5,67.91,STAR,A1,156470606396286464,77.2269307,30.8676633,11947.2,56.75,0.048,0.779,0.08,3.748,B8 IV  Si,good,11947.2¡À56.75,0.779¡À0.048,3.748¡À0.08
1171212230,J061549.93+094829.4,86.55,STAR,A1,3329070490194780160,93.9580821,9.8081791,11947.6,41.31,0.034,0.852,0.058,3.945,B9 III  Si,good,11947.6¡À41.31,0.852¡À0.034,3.945¡À0.058
1209002124,J062654.34+065541.0,62.54,STAR,A2,3324536684060409728,96.7264505,6.9280631,11948.8,35.2,0.03,0.899,0.05,4.089,B9.5 II-III  Si,good,11948.8¡À35.2,0.899¡À0.03,4.089¡À0.05
679513219,J061707.63+150129.6,335.31,STAR,A1,3344941665662880512,94.2818152,15.02489,11958.9,23.08,0.013,0.912,0.028,3.974,kB7hF3mF5  Eu,,11958.9¡À23.08,0.912¡À0.013,3.974¡À0.028
116312121,J060504.84+254755.7,193.09,STAR,A2,3426673548977610752,91.270202,25.798809,11962.5,12.71,0.008,0.368,0.016,4.047,B8 IV-V,vgood,11962.5¡À12.71,0.368¡À0.008,4.047¡À0.016
1086016137,J060307.67+253100.4,89.2,STAR,A1,3429636187358944128,90.781989,25.516799,11966.5,38.74,0.032,0.83,0.054,3.973,B8 V  Si,vgood,11966.5¡À38.74,0.83¡À0.032,3.973¡À0.054
218403007,J062639.57+193824.5,53.61,STAR,A1,3372418461241975936,96.664914,19.640152,11982,60.2,0.052,0.766,0.086,3.641,B9.5 II-III  Si,good,11982¡À60.2,0.766¡À0.052,3.641¡À0.086
1173609127,J043813.10+463118.9,52.13,STAR,A3,254220458580642432,69.5546137,46.5219278,11983.9,33.26,0.029,0.791,0.048,3.932,B9.5 II-III  Si,good,11983.9¡À33.26,0.791¡À0.029,3.932¡À0.048
431602231,J062332.67+185359.1,74.69,STAR,A1,3370860693783912960,95.8861458,18.899755,11985.1,37.9,0.032,0.812,0.053,3.7,B8 V  Si,vgood,11985.1¡À37.9,0.812¡À0.032,3.7¡À0.053
989015169,J070639.20-030053.1,157,STAR,A1,3107990072293012992,106.6633647,-3.0147744,11997.1,37.44,0.027,0.833,0.049,4.195,kB9hA1mA2  Si,,11997.1¡À37.44,0.833¡À0.027,4.195¡À0.049
1146803192,J034306.26+602749.2,129.35,STAR,A1,474335333478715392,55.7761205,60.4636798,11998,33.7,0.026,0.909,0.046,4.302,B9 II-III  Si,vgood,11998¡À33.7,0.909¡À0.026,4.302¡À0.046
255007024,J052804.18+344503.4,95.88,STAR,A1,182855831744729088,82.0174267,34.7509531,11999.2,25.65,0.021,0.505,0.036,4.229,B7 V  Si,good,11999.2¡À25.65,0.505¡À0.021,4.229¡À0.036
1171115079,J021006.35+560059.6,89.13,STAR,A1,456895086200471040,32.5264715,56.0165592,12000.9,34.89,0.029,0.82,0.049,3.843,A5 mA0 metal weak,,12000.9¡À34.89,0.82¡À0.029,3.843¡À0.049
1145707138,J052840.37+342432.2,98.77,STAR,A2,182647749170089472,82.1682306,34.4089688,12001.1,48.79,0.039,0.999,0.068,3.961,A0 II  SrSiEu,vgood,12001.1¡À48.79,0.999¡À0.039,3.961¡À0.068
1205906031,J050912.96+314823.7,100.64,STAR,A5,181297411449626112,77.304003,31.8065959,12011.9,70.15,0.057,0.927,0.097,4.108,A1 II  SrSiEu,good,12011.9¡À70.15,0.927¡À0.057,4.108¡À0.097
1173610009,J041740.63+460212.9,83.13,STAR,A1,233023695462640000,64.4193161,46.0369407,12018.7,37.16,0.031,0.798,0.052,3.9,B9 III  Si,vgood,12018.7¡À37.16,0.798¡À0.031,3.9¡À0.052
1209008166,J063414.95+080001.0,52.37,STAR,A1,3326023880912304896,98.5623208,8.0002932,12018.9,45.07,0.039,0.959,0.064,3.636,Unclassifiable,,12018.9¡À45.07,0.959¡À0.039,3.636¡À0.064
731504157,J063013.31+165729.2,97.18,STAR,A1,3369480493153603840,97.5554986,16.9581208,12020.8,23.32,0.019,0.63,0.032,4.479,kB9hF4mK2,,12020.8¡À23.32,0.63¡À0.019,4.479¡À0.032
194907200,J054837.36+211558.1,73.41,STAR,A2,3400110314421154432,87.15568,21.266148,12023.3,41.09,0.035,0.767,0.058,4.022,B9 II-III  Si,vgood,12023.3¡À41.09,0.767¡À0.035,4.022¡À0.058
1189606155,J053408.51+353426.9,111,STAR,A3,183179259962398464,83.5354726,35.5741563,12025.6,27.48,0.022,0.694,0.038,4.118,B9 III  Si,good,12025.6¡À27.48,0.694¡À0.022,4.118¡À0.038
977404133,J031748.89+384218.9,565.35,STAR,A1,235545528457272960,49.4537497,38.7052695,12030.2,9.21,0.005,0.538,0.011,3.815,B9 IV  Si,good,12030.2¡À9.21,0.538¡À0.005,3.815¡À0.011
577012249,J201251.22+240948.9,124.38,STAR,A3,1833677639268433536,303.2134203,24.163596,12030.6,35.62,0.027,0.897,0.048,4.143,K5 ?,poor,12030.6¡À35.62,0.897¡À0.027,4.143¡À0.048
1146703017,J235249.42+613310.1,83.17,STAR,A1,2012695552651713664,358.2059321,61.5528159,12039.7,43.21,0.036,0.901,0.061,3.925,B9 III  Si,vgood,12039.7¡À43.21,0.901¡À0.036,3.925¡À0.061
1171103043,J020736.71+550008.6,131.66,STAR,A1,456465280230926464,31.9029997,55.0024015,12039,53.4,0.04,0.837,0.072,3.862,B9 III,vgood,12039¡À53.4,0.837¡À0.04,3.862¡À0.072
1204001032,J073618.48+424457.5,127.74,STAR,A1,-9999,114.0772279,42.75026163,12043.4,30.95,0.024,0.802,0.042,3.877,B8 IV  Si,vgood,12043.4¡À30.95,0.802¡À0.024,3.877¡À0.042
1157715040,J021448.81+562211.0,62.34,STAR,A1,457012081109759616,33.703389,56.3697362,12048.3,53.54,0.046,0.743,0.076,4.022,B9 III  Si,good,12048.3¡À53.54,0.743¡À0.046,4.022¡À0.076
1173606018,J044010.41+451507.5,68.21,STAR,A1,253160735527325952,70.0433914,45.2520988,12053.8,38.15,0.032,0.821,0.054,3.797,B9 II-III  Si,vgood,12053.8¡À38.15,0.821¡À0.032,3.797¡À0.054
1148206187,J063935.53+013001.7,89.55,STAR,A1,3126638545412941568,99.8980615,1.5004892,12058.4,29.85,0.025,0.68,0.042,3.964,B7 V  Si,good,12058.4¡À29.85,0.68¡À0.025,3.964¡À0.042
645905101,J061302.83+221647.3,55.99,STAR,A2,3376982873307002752,93.261817,22.279814,12061.9,43.91,0.038,0.655,0.063,4.097,B8 IV  Si,good,12061.9¡À43.91,0.655¡À0.038,4.097¡À0.063
1146801135,J035110.76+580841.8,80.56,STAR,A1,472932872038749056,57.7948496,58.1449554,12062,32.02,0.027,0.781,0.045,3.945,Unclassifiable,,12062¡À32.02,0.781¡À0.027,3.945¡À0.045
275011058,J230336.82+584717.0,190.64,STAR,A1,2013283138533143040,345.903443,58.78807,12069.4,12.23,0.008,0.433,0.016,4.02,B8 IV-V  Si,vgood,12069.4¡À12.23,0.433¡À0.008,4.02¡À0.016
1209003143,J062946.52+091841.3,131.47,STAR,A1,3327198502929319680,97.4438588,9.3114905,12075.3,34.67,0.026,0.896,0.047,4.016,B9 II-III  Si,vgood,12075.3¡À34.67,0.896¡À0.026,4.016¡À0.047
105116066,J053528.73+331340.2,51.79,STAR,A1,3448893927355533952,83.869712,33.227855,12087.8,43.17,0.037,0.778,0.062,4.003,B8 IV  Si,vgood,12087.8¡À43.17,0.778¡À0.037,4.003¡À0.062
1186608115,J050818.62+454653.0,187.96,STAR,A1,205957322660980608,77.0776122,45.7814068,12089.9,27.39,0.018,0.825,0.035,4.118,B9.5 II-III  Si,vgood,12089.9¡À27.39,0.825¡À0.018,4.118¡À0.035
648616172,J061101.06+264328.3,58.1,STAR,A2,3427208667542754176,92.7544318,26.7245495,12100.9,39.36,0.034,0.986,0.056,3.89,B8 IV-V  Si,vgood,12100.9¡À39.36,0.986¡À0.034,3.89¡À0.056
1171816162,J051646.04+373358.6,66.29,STAR,A1,187169353299856128,79.1918437,37.5662799,12106.9,35.46,0.03,0.761,0.05,4.087,B9 III  Si,vgood,12106.9¡À35.46,0.761¡À0.03,4.087¡À0.05
1208115141,J051111.12+405559.1,88.43,STAR,A1,201021550543504896,77.7963636,40.9330938,12109,41.26,0.034,0.788,0.058,3.974,B8 IV  Si,vgood,12109¡À41.26,0.788¡À0.034,3.974¡À0.058
1207103222,J053033.85+314346.9,152.79,STAR,A1,3448654783579725696,82.6410543,31.7297028,12111.8,30.45,0.022,0.804,0.04,3.961,Unclassifiable,,12111.8¡À30.45,0.804¡À0.022,3.961¡À0.04
806314165,J054755.93+321919.0,102.68,STAR,A1,3445236500711048832,86.9830737,32.3219455,12118.3,25.11,0.02,0.583,0.035,4.017,B8 IV  Si,good,12118.3¡À25.11,0.583¡À0.02,4.017¡À0.035
30001040,J065332.44+044458.3,87.11,STAR,A2,3129051458038562304,103.38517,4.7495552,12129.8,41.01,0.034,0.905,0.057,3.875,B9.5 II-III  Si,vgood,12129.8¡À41.01,0.905¡À0.034,3.875¡À0.057
157915067,J034624.42+584710.8,251.91,STAR,A1,473192288064569600,56.601786,58.786341,12129,11.91,0.007,0.462,0.015,4.283,B8 V,vgood,12129¡À11.91,0.462¡À0.007,4.283¡À0.015
1160115165,J063821.86+051949.1,152.57,STAR,A1,3131070504985180032,99.5911198,5.3303232,12130.4,25.46,0.018,0.75,0.034,4.044,B9 III  Si,vgood,12130.4¡À25.46,0.75¡À0.018,4.044¡À0.034
1209016230,J062753.36+110015.5,63.75,STAR,A1,3330981166526994688,96.972369,11.004324,12132.3,33.74,0.029,0.699,0.048,4.044,B9.5 III  Si,vgood,12132.3¡À33.74,0.699¡À0.029,4.044¡À0.048
836605191,J022303.91+544453.9,185.06,STAR,A1,455864156609493504,35.766332,54.748331,12139.4,16.17,0.011,0.451,0.021,4.128,B7 V  Si,vgood,12139.4¡À16.17,0.451¡À0.011,4.128¡À0.021
1089604156,J053439.93+441955.9,70.76,STAR,A1,195827010935667456,83.666393,44.332207,12140.9,52.22,0.044,0.982,0.074,3.787,B8 IV,good,12140.9¡À52.22,0.982¡À0.044,3.787¡À0.074
294313087,J052930.68+410751.0,74.75,STAR,A2,194313769402166400,82.377854,41.130859,12142.6,28.02,0.024,0.761,0.039,3.987,B8 IV  Si,vgood,12142.6¡À28.02,0.761¡À0.024,3.987¡À0.039
1146814119,J033820.19+603724.0,101.19,STAR,A3,474387251042797184,54.584161,60.6233411,12156.3,35.18,0.028,0.955,0.049,3.958,B9 II-III  Si,good,12156.3¡À35.18,0.955¡À0.028,3.958¡À0.049
1143204138,J203044.52+330328.8,94.99,STAR,A1,1863714682029478144,307.6855121,33.0580145,12160.9,33.76,0.027,0.604,0.047,4.059,B8 V  Si,good,12160.9¡À33.76,0.604¡À0.027,4.059¡À0.047
574208071,J190243.98+342300.8,155.45,STAR,A2,2044455083454787584,285.683274,34.3835686,12166.3,21.76,0.016,0.477,0.029,4.086,B7 V  Si,vgood,12166.3¡À21.76,0.477¡À0.016,4.086¡À0.029
1170806224,J020259.33+624046.6,83.2,STAR,A2,508822370391043072,30.747234,62.67963,12168.1,32.57,0.027,0.826,0.046,4.216,B9.5 II-III  Si,good,12168.1¡À32.57,0.826¡À0.027,4.216¡À0.046
1207109112,J053528.75+331339.9,119.39,STAR,A1,3448893927355533952,83.869793,33.2277692,12176.4,32.5,0.025,0.795,0.044,3.954,B8 IV  Si,vgood,12176.4¡À32.5,0.795¡À0.025,3.954¡À0.044
203804221,J061215.80+141005.5,175.93,STAR,A2,3344462755333713408,93.065852,14.168215,12183.6,17.22,0.012,0.489,0.022,4.005,Unclassifiable,,12183.6¡À17.22,0.489¡À0.012,4.005¡À0.022
408708102,J033636.45+450412.7,156.51,STAR,A2,244697485293177344,54.15251694,45.07009861,12194.7,17.35,0.012,0.512,0.023,4.132,B9 III  Si,vgood,12194.7¡À17.35,0.512¡À0.012,4.132¡À0.023
393116125,J032438.25+511729.0,74.92,STAR,A2,442678332129311104,51.15938,51.2914033,12199.7,32.67,0.027,0.66,0.046,3.842,A0 II,vgood,12199.7¡À32.67,0.66¡À0.027,3.842¡À0.046
697703144,J062048.02+230015.0,105.84,STAR,A2,3377430168382244096,95.2001094,23.0041797,12204.9,53.58,0.043,0.948,0.074,3.999,B8 IV-V  Si,vgood,12204.9¡À53.58,0.948¡À0.043,3.999¡À0.074
842409155,J045157.56+380848.1,157.7,STAR,A1,198692162139865216,72.989855,38.1467101,12208.9,20.43,0.015,0.667,0.027,4.075,B8 IV  Si,vgood,12208.9¡À20.43,0.667¡À0.015,4.075¡À0.027
1146715122,J235219.97+625441.7,97.61,STAR,A1,2016068407647614080,358.0832135,62.9115844,12213.2,30.13,0.024,0.835,0.042,4.032,kA0hF1mG1,,12213.2¡À30.13,0.835¡À0.024,4.032¡À0.042
257011212,J050132.55+415904.9,63.11,STAR,A2,201785711124794880,75.385629,41.984719,12214.7,38.31,0.033,0.564,0.054,4.031,B9.5 II-III  Si,vgood,12214.7¡À38.31,0.564¡À0.033,4.031¡À0.054
647615104,J061550.98+105906.3,173.61,STAR,A2,-9999,93.96349417,10.98449556,12216.9,20.84,0.014,0.744,0.027,4.079,B7 IV-V  Si,vgood,12216.9¡À20.84,0.744¡À0.014,4.079¡À0.027
837614212,J214602.59+544230.1,103.78,STAR,A1,2174689693149366912,326.510823,54.708388,12219.5,50.5,0.04,0.969,0.07,3.819,B8 IV  Si,good,12219.5¡À50.5,0.969¡À0.04,3.819¡À0.07
1146910088,J033904.18+600148.3,62.53,STAR,A1,474306299501052928,54.7674497,60.0300914,12221.1,30.22,0.026,0.573,0.043,3.685,B7 V  Si,vgood,12221.1¡À30.22,0.573¡À0.026,3.685¡À0.043
649401242,J044533.35+185741.8,147.44,STAR,A1,-9999,71.38765083,18.96161972,12224.8,48.01,0.035,0.893,0.064,3.976,B8 III-IV  Si,vgood,12224.8¡À48.01,0.893¡À0.035,3.976¡À0.064
1143202062,J202332.28+315931.9,132.28,STAR,A1,1862096334039827328,305.8845153,31.9922152,12228.2,30.36,0.023,0.825,0.041,3.954,B8 IV  Si,vgood,12228.2¡À30.36,0.825¡À0.023,3.954¡À0.041
840811090,J025930.90+565453.3,336.49,STAR,A1,459901494584393472,44.878753,56.914818,12246.3,10.41,0.006,0.51,0.013,4.078,B8 III-IV  Si,vgood,12246.3¡À10.41,0.51¡À0.006,4.078¡À0.013
34210165,J033636.60+450412.4,286.64,STAR,A1,244697485293177344,54.152518,45.070126,12254,9.75,0.005,0.499,0.012,4.193,B7 V  Si,vgood,12254¡À9.75,0.499¡À0.005,4.193¡À0.012
1160113010,J064721.18+053019.7,75.26,STAR,A1,3132399058629115392,101.8382804,5.5054928,12255.3,34.75,0.029,0.789,0.049,3.867,A0 II,good,12255.3¡À34.75,0.789¡À0.029,3.867¡À0.049
1157809081,J052618.70+374029.9,95.45,STAR,A1,184535026519396736,81.5779318,37.6749941,12257,31.36,0.025,0.808,0.044,4.051,B6 V  Si,good,12257¡À31.36,0.808¡À0.025,4.051¡À0.044
490506062,J062048.04+230015.0,108.24,STAR,A2,3377430168382244096,95.2001707,23.004186,12258.4,48.33,0.038,0.978,0.066,3.939,B8 III-IV  Si,vgood,12258.4¡À48.33,0.978¡À0.038,3.939¡À0.066
405706035,J050908.46+392322.2,65.01,STAR,A2,188529002506860672,77.285276,39.389501,12261.6,49.11,0.042,0.676,0.07,4.007,A0 II  Si,vgood,12261.6¡À49.11,0.676¡À0.042,4.007¡À0.07
1209006245,J063851.57+081729.3,56.16,STAR,A1,3326093631180785280,99.7149071,8.2914754,12261,42.18,0.036,0.82,0.06,4.111,B9 IV-V  Si,good,12261¡À42.18,0.82¡À0.036,4.111¡À0.06
1159702203,J034131.58+493226.2,318.22,STAR,A2,249604640046947456,55.3815866,49.5406336,12268.8,28.74,0.016,0.907,0.035,3.865,B9.5 II-III  Si,vgood,12268.8¡À28.74,0.907¡À0.016,3.865¡À0.035
960115082,J043122.61+460925.0,369.34,STAR,A1,253877818969561600,67.8442256,46.1569647,12271.7,15.84,0.009,0.88,0.02,4.052,B8 III-IV  Si,vgood,12271.7¡À15.84,0.88¡À0.009,4.052¡À0.02
1170912006,J033832.58+313728.6,84.82,STAR,A1,217317412374494464,54.6357773,31.6246351,12282.3,50.5,0.042,0.962,0.071,4.274,B8 IV  Si,good,12282.3¡À50.5,0.962¡À0.042,4.274¡À0.071
378015053,J060621.09+435314.5,271.27,STAR,A2,961226501324765952,91.58680639,43.8873625,12288.9,14.06,0.008,0.444,0.017,3.883,Unclassifiable,,12288.9¡À14.06,0.444¡À0.008,3.883¡À0.017
1145001192,J052652.68+340109.5,53.98,STAR,A5,182518762711944192,81.7195384,34.0193293,12289.4,41.88,0.036,0.801,0.06,3.74,kA0hF2mG4,,12289.4¡À41.88,0.801¡À0.036,3.74¡À0.06
1186616020,J045811.03+484736.7,123.37,STAR,A3,256195387623425664,74.5459965,48.7935538,12294.9,32.5,0.025,0.904,0.044,4.288,Unclassifiable,,12294.9¡À32.5,0.904¡À0.025,4.288¡À0.044
1206401230,J043304.77+440146.8,391.03,STAR,A1,252698150372084992,68.2699016,44.0296756,12295.7,10.51,0.006,0.713,0.013,4.039,B8 V  Si,good,12295.7¡À10.51,0.713¡À0.006,4.039¡À0.013
208815023,J052632.69+081512.5,134.93,STAR,A2,3337303186583726976,81.636246,8.2534734,12296.4,24.84,0.019,0.861,0.033,4.194,B8 III-IV  Si,vgood,12296.4¡À24.84,0.861¡À0.019,4.194¡À0.033
354102071,J040624.81+531206.6,55.5,STAR,A1,275860870341452800,61.6033917,53.2018469,12297.4,33.49,0.029,0.806,0.048,3.809,A0 II  Si,vgood,12297.4¡À33.49,0.806¡À0.029,3.809¡À0.048
1209008052,J063633.65+081945.1,69.13,STAR,A1,3326083769936097536,99.1402284,8.3292084,12301.9,30.24,0.026,0.79,0.043,3.977,B9.5 II-III  Si,vgood,12301.9¡À30.24,0.79¡À0.026,3.977¡À0.043
492214165,J045618.45+550017.2,101.82,STAR,A2,273496031286732160,74.076903,55.004796,12302.1,26.84,0.022,0.724,0.037,4.099,B9.5 II  Si,vgood,12302.1¡À26.84,0.724¡À0.022,4.099¡À0.037
697407176,J060339.78+033827.2,263.78,STAR,A2,-9999,90.91454417,3.64090333,12307.5,129.45,0.072,0.671,0.16,4.193,B8 IV-V  Si,vgood,12307.5¡À129.45,0.671¡À0.072,4.193¡À0.16
960112060,J043923.74+470755.5,65.87,STAR,A2,254385660201676928,69.8489167,47.1320886,12311.7,34.14,0.029,0.84,0.048,4.11,kB9.5hA1mA2,,12311.7¡À34.14,0.84¡À0.029,4.11¡À0.048
1146909072,J035737.85+613134.9,444.59,STAR,A1,474683736923834880,59.4077186,61.5263685,12329.3,13.86,0.008,0.683,0.017,3.994,B8 IV  Si,good,12329.3¡À13.86,0.683¡À0.008,3.994¡À0.017
1138713083,J194522.53+365548.8,761.84,STAR,A1,2048752730824574976,296.3439031,36.9302332,12358.1,10.87,0.006,0.689,0.013,3.976,Unclassifiable,,12358.1¡À10.87,0.689¡À0.006,3.976¡À0.013
1205916238,J045457.04+334457.2,220.28,STAR,A1,161713833752320768,73.7376773,33.7492426,12362.1,16.57,0.01,0.864,0.021,4.124,B8 IV  Si,vgood,12362.1¡À16.57,0.864¡À0.01,4.124¡À0.021
1146703204,J235446.69+613551.2,153.91,STAR,A1,2012699744539832448,358.6945757,61.5975611,12366.9,29.14,0.021,0.834,0.038,3.942,A0 II-III  Si,vgood,12366.9¡À29.14,0.834¡À0.021,3.942¡À0.038
1058306100,J033938.59+553654.8,145.95,STAR,A1,-9999,54.912762,55.614831,12377.2,29.12,0.021,0.902,0.039,3.941,Unclassifiable,,12377.2¡À29.12,0.902¡À0.021,3.941¡À0.039
1156013154,J061823.57+083619.6,120.99,STAR,A1,3325731032863302144,94.5982228,8.6054535,12391.3,32.3,0.025,0.742,0.044,4.163,B9 II-III  Si,vgood,12391.3¡À32.3,0.742¡À0.025,4.163¡À0.044
1085908210,J045138.13+540944.5,67.02,STAR,A1,273167998863749760,72.908878,54.162381,12394.5,34.63,0.029,0.79,0.049,4.206,B7 V  Si,vgood,12394.5¡À34.63,0.79¡À0.029,4.206¡À0.049
758404118,J061604.33+291642.6,150.66,STAR,A2,3436890661997830016,94.0180789,29.2785242,12400.4,21.16,0.015,0.74,0.028,4.211,B5 IV-V,good,12400.4¡À21.16,0.74¡À0.015,4.211¡À0.028
1156702081,J051437.86+345431.8,53.4,STAR,A1,182336724816374784,78.6577526,34.9088392,12420.7,35.94,0.031,0.957,0.051,3.995,B8 IV,good,12420.7¡À35.94,0.957¡À0.031,3.995¡À0.051
1146902179,J034141.15+582916.8,223.28,STAR,A1,449218983208306304,55.4214933,58.4880201,12421,12.37,0.007,0.585,0.015,4.042,B8 IV  Si,vgood,12421¡À12.37,0.585¡À0.007,4.042¡À0.015
1147612071,J053556.11+383516.8,86.02,STAR,A1,190460908859115520,83.9838297,38.5880088,12426.6,33.36,0.028,0.668,0.047,4.167,B9.5 II-III  Si,vgood,12426.6¡À33.36,0.668¡À0.028,4.167¡À0.047
28204169,J063935.38+174203.3,77.77,STAR,A1,-9999,99.897454,17.700931,12436.6,33.76,0.028,0.717,0.047,4.075,B8 III-IV,vgood,12436.6¡À33.76,0.717¡À0.028,4.075¡À0.047
380811077,J020141.06+561332.6,83.35,STAR,A1,504660310849676160,30.420316,56.225565,12450.1,28.71,0.024,0.471,0.04,3.992,B8 V  Si,vgood,12450.1¡À28.71,0.471¡À0.024,3.992¡À0.04
697801124,J062437.22+202939.7,114.49,STAR,A2,3375613367153965568,96.1550947,20.4943856,12458,35.03,0.028,0.663,0.048,3.991,B9.5 II-III  Si,vgood,12458¡À35.03,0.663¡À0.028,3.991¡À0.048
89411197,J051944.13+345013.9,252.74,STAR,A2,183601953462414848,79.933875,34.837219,12460.7,16.22,0.009,0.776,0.02,3.966,B8 III-IV,vgood,12460.7¡À16.22,0.776¡À0.009,3.966¡À0.02
1148210117,J062408.22+011231.2,52.14,STAR,A1,3123472192440067968,96.0342903,1.2086726,12465.6,45.07,0.039,0.966,0.064,4.195,A0 II  Sr,vgood,12465.6¡À45.07,0.966¡À0.039,4.195¡À0.064
795909041,J062911.35+231913.1,75.94,STAR,A2,3382576608652512000,97.2972917,23.3203331,12500,40.46,0.034,0.808,0.057,4.087,B6 V  Si,good,12500¡À40.46,0.808¡À0.034,4.087¡À0.057
1146715038,J000003.39+633839.9,92.75,STAR,A1,431603776146505984,0.0141594,63.6444177,12514.6,39.86,0.033,0.945,0.055,3.892,kB9hA4mA1,,12514.6¡À39.86,0.945¡À0.033,3.892¡À0.055
1048002091,J053904.58+185224.0,85.56,STAR,A1,3397875179079401856,84.7691214,18.8733522,12528.2,40.01,0.033,0.896,0.056,3.763,B7 V  Si,vgood,12528.2¡À40.01,0.896¡À0.033,3.763¡À0.056
948716110,J054022.21+304959.6,239.02,STAR,A1,3447648146324704128,85.0925497,30.8332319,12555.5,17.98,0.01,0.748,0.022,3.808,B8 IV  Si,vgood,12555.5¡À17.98,0.748¡À0.01,3.808¡À0.022
46203100,J064259.40+270608.6,196.74,STAR,A2,3385762714172704384,100.74753,27.102389,12598.4,14.58,0.009,0.798,0.019,4.127,B8 III-IV  Si,vgood,12598.4¡À14.58,0.798¡À0.009,4.127¡À0.019
898102030,J064955.47+014912.1,54.79,STAR,A3,-9999,102.480077,1.820037,12635.7,43.86,0.038,0.651,0.063,4.228,B8 III-IV  Si,vgood,12635.7¡À43.86,0.651¡À0.038,4.228¡À0.063
399906005,J061749.82+215658.6,104.62,STAR,A2,3376803309313620480,94.4576161,21.9496306,12635.9,33.24,0.027,0.715,0.046,4.144,B9 II  Si,vgood,12635.9¡À33.24,0.715¡À0.027,4.144¡À0.046
1059107135,J025546.91+533026.9,75.34,STAR,A1,453221171171694336,43.9454962,53.507484,12652.2,32.69,0.027,0.701,0.046,4.225,B9 II-III  Si,vgood,12652.2¡À32.69,0.701¡À0.027,4.225¡À0.046
1146912172,J040419.96+614548.3,328.28,STAR,A1,474745794913271808,61.0831835,61.7634202,12656.7,13.23,0.007,0.875,0.016,3.956,Unclassifiable,,12656.7¡À13.23,0.875¡À0.007,3.956¡À0.016
806304154,J055201.60+314531.4,81.14,STAR,A1,3444951280521654528,88.0066978,31.7587411,12670.8,54.17,0.045,0.908,0.076,4.187,B5 III,good,12670.8¡À54.17,0.908¡À0.045,4.187¡À0.076
911203234,J194643.15+274849.4,137.32,STAR,A1,2028199800518525824,296.679792,27.813737,12674.4,47.19,0.035,0.931,0.063,3.967,B9 II-III  Si,vgood,12674.4¡À47.19,0.931¡À0.035,3.967¡À0.063
1143210107,J202313.35+321805.7,511.04,STAR,A1,2054351340950643840,305.8056519,32.3016056,12677.9,15.04,0.008,0.859,0.019,4.05,B8 IV  Si,vgood,12677.9¡À15.04,0.859¡À0.008,4.05¡À0.019
1209008061,J063700.97+082909.0,77.52,STAR,A1,3326156956178179840,99.2540631,8.4858589,12853.7,32.08,0.027,0.925,0.045,4.278,B9 II-III  Si,vgood,12853.7¡À32.08,0.925¡À0.027,4.278¡À0.045
769314152,J071241.46+073928.4,365.77,STAR,A1,3153537616348002560,108.17276,7.65789,12856.5,11.85,0.007,0.788,0.015,4.074,kA2hF4mG6,,12856.5¡À11.85,0.788¡À0.007,4.074¡À0.015
1206404175,J042747.53+462700.0,297.75,STAR,A1,-9999,66.94895156,46.44927587,12983.9,10.13,0.006,0.696,0.012,4.115,B2 V,fair,12983.9¡À10.13,0.696¡À0.006,4.115¡À0.012
615715206,J020749.37+433508.8,120.75,STAR,F0,352410111113281024,31.9557372,43.5858044,6707.76,42.69,0.033,-0.461,0.058,3.981,kA5hA7mA8  Eu,,6707.76¡À42.69,-0.461¡À0.033,3.981¡À0.058
182012133,J035410.37+363226.8,123.92,STAR,F0,220209677713707392,58.543236,36.540798,6754.76,124.18,0.096,-0.314,0.168,4.108,F4 V Sr,good,6754.76¡À124.18,-0.314¡À0.096,4.108¡À0.168
1171215024,J061046.01+082713.9,105.28,STAR,F0,3328492933054140800,92.6917295,8.4538634,6789.08,56.58,0.045,-0.185,0.078,4.113,F3 V Si,fair,6789.08¡À56.58,-0.185¡À0.045,4.113¡À0.078
698709176,J023821.04+303033.6,65.1,STAR,F0,132896974017617152,39.587692,30.509351,6794.66,58.76,0.05,-0.542,0.083,4.007,F3 V,good,6794.66¡À58.76,-0.542¡À0.05,4.007¡À0.083
370301047,J210230.37+001019.3,60.03,STAR,F0,2690167991510290432,315.6265458,0.17205,6797.73,86.5,0.074,-0.395,0.123,3.954,kA3hA5mF0  SiEu,,6797.73¡À86.5,-0.395¡À0.074,3.954¡À0.123
259716051,J035331.28+414316.4,109.4,STAR,F0,230984131453581312,58.3803486,41.721235,6816.26,159.98,0.127,-0.042,0.22,3.872,kA3hA4mF1  SiEu,,6816.26¡À159.98,-0.042¡À0.127,3.872¡À0.22
170606047,J041128.07+235706.2,60.21,STAR,F0,149835470336146560,62.866982,23.951739,6843.45,53.65,0.046,-0.586,0.076,4.044,F3 V Fe-0.9 Sr,good,6843.45¡À53.65,-0.586¡À0.046,4.044¡À0.076
841510166,J205131.20+182331.0,211.92,STAR,F0,1812951806418688768,312.880027,18.391965,6854.2,32.79,0.02,-0.484,0.041,4.205,kA3hA6mA9  Eu,,6854.2¡À32.79,-0.484¡À0.02,4.205¡À0.041
615301010,J061312.83+205629.4,102.16,STAR,F0,3375149197149134080,93.3034825,20.9415064,6870.73,84.87,0.068,-0.219,0.117,3.945,kA3hA4mA9  SiEu,,6870.73¡À84.87,-0.219¡À0.068,3.945¡À0.117
84707193,J030719.63+420849.7,356.89,STAR,F0,240085240170001792,46.831818,42.147148,6888.06,39.81,0.022,-0.16,0.049,3.991,F3 V Fe-0.5 Sr Sr,good,6888.06¡À39.81,-0.16¡À0.022,3.991¡À0.049
382115209,J062403.12+015930.9,79.39,STAR,F0,3123737346541712128,96.01263028,1.99193861,6888.57,253.02,0.211,-0.171,0.355,3.682,kA2hA5mA7  SiEu,,6888.57¡À253.02,-0.171¡À0.211,3.682¡À0.355
173113203,J021521.10+272900.5,178.89,STAR,F0,107527396769222400,33.837926,27.483486,6890.44,124.36,0.084,-0.389,0.161,3.872,kA3hA7mF0  SiEu,,6890.44¡À124.36,-0.389¡À0.084,3.872¡À0.161
496212123,J015645.18+450615.0,53.35,STAR,F0,349839556006378112,29.1882719,45.1041678,6895.14,86.65,0.075,0.042,0.124,3.876,kA2hA8mF5  Eu,,6895.14¡À86.65,0.042¡À0.075,3.876¡À0.124
796811086,J041128.07+235706.3,101.45,STAR,F0,149835470336146560,62.8669806,23.9517533,6924.26,71.68,0.058,-0.554,0.099,4.082,A3 II  SrSiEu,good,6924.26¡À71.68,-0.554¡À0.058,4.082¡À0.099
76205065,J025309.19+074221.1,398.26,STAR,F0,8381237836724480,43.288301,7.705862,6945.75,43.11,0.024,-0.201,0.053,4.089,kA4hA7mF0  Eu,,6945.75¡À43.11,-0.201¡À0.024,4.089¡À0.053
380105171,J074022.75+562116.4,249.26,STAR,F0,986175382230388992,115.0948019,56.3545739,6960.53,45.81,0.026,0.006,0.056,3.943,F3 V Sr,vgood,6960.53¡À45.81,0.006¡À0.026,3.943¡À0.056
223616195,J074022.75+562116.5,66.81,STAR,F0,986175382230388992,115.0948,56.354584,6964.64,58.22,0.049,-0.11,0.082,3.93,kA3hA7mF0  SiEu,,6964.64¡À58.22,-0.11¡À0.049,3.93¡À0.082
393602149,J030719.90+420849.8,240.48,STAR,F0,-9999,46.83180694,42.14717444,6977.99,50.76,0.029,-0.187,0.063,3.972,F3 V Fe-0.7 Sr Sr,good,6977.99¡À50.76,-0.187¡À0.029,3.972¡À0.063
185003203,J070459.52+365525.2,116.39,STAR,F0,946066263202276992,106.24804,36.923673,6984.58,245.41,0.192,-0.336,0.335,4.014,F3 V Fe-0.5 (Sr),good,6984.58¡À245.41,-0.336¡À0.192,4.014¡À0.335
374511161,J052634.55+180711.3,76.47,STAR,F0,3400354028043415424,81.643986,18.119824,6987.9,63.93,0.054,-0.439,0.09,3.96,kA3hA6mA8  Eu,,6987.9¡À63.93,-0.439¡À0.054,3.96¡À0.09
37703058,J041140.28+422338.2,52.16,STAR,F0,228973953620155648,62.91785,42.393959,7013.1,50.3,0.043,-0.478,0.072,3.961,kA3hA6mA8  Eu,,7013.1¡À50.3,-0.478¡À0.043,3.961¡À0.072
648716130,J043009.60+072639.5,213.59,STAR,F0,3287073196162946048,67.5400214,7.4443142,7020.97,47.55,0.029,-0.277,0.06,4.017,kA3hA5mA9  Eu,,7020.97¡À47.55,-0.277¡À0.029,4.017¡À0.06
172205101,J213851.85+402715.2,98.16,STAR,F0,1966390204557308416,324.716057,40.454233,7054.61,43.05,0.035,0.119,0.06,3.957,F2 V Sr Sr,good,7054.61¡À43.05,0.119¡À0.035,3.957¡À0.06
133810016,J072318.92+264007.2,63.42,STAR,F0,872658052271609088,110.82886,26.668672,7060.82,100.33,0.086,-0.296,0.142,3.891,kA3hA7mF0  SiEu,,7060.82¡À100.33,-0.296¡À0.086,3.891¡À0.142
165603116,J060728.44+232547.5,274.14,STAR,F0,3425368089375205632,91.868515,23.429884,7072.02,72.58,0.04,0.121,0.089,3.88,kA4hA5mF0  SiEu,,7072.02¡À72.58,0.121¡À0.04,3.88¡À0.089
300904187,J071129.97+162328.4,72.38,STAR,F0,3360346197227142400,107.87488,16.391237,7096.66,90.18,0.076,-0.272,0.127,3.884,kA4hF2mF2  Eu,,7096.66¡À90.18,-0.272¡À0.076,3.884¡À0.127
552803071,J060728.44+232547.7,336.43,STAR,F0,3425368089375205632,91.8685,23.4299194,7098.23,82.18,0.045,0.119,0.101,3.842,A9 mA5 metal weak,,7098.23¡À82.18,0.119¡À0.045,3.842¡À0.101
286916021,J041036.10+231114.6,121.41,STAR,F0,53651498808148096,62.6504492,23.1874017,7103.86,151.6,0.117,-0.322,0.206,3.995,F2 V Fe-0.6 Sr Sr,good,7103.86¡À151.6,-0.322¡À0.117,3.995¡À0.206
265708092,J065018.51-005032.0,103.3,STAR,A5,3113135133876571264,102.5771614,-0.8422411,7108.82,230.74,0.185,-0.878,0.318,3.918,A1 II-III  SrSi,good,7108.82¡À230.74,-0.878¡À0.185,3.918¡À0.318
525611066,J071112.84+104959.5,135.38,STAR,F0,3159472470876374528,107.80354,10.833222,7110.29,353.08,0.266,0.173,0.474,3.393,kA2hA5mA9  SiEu,,7110.29¡À353.08,0.173¡À0.266,3.393¡À0.474
200913224,J092000.57+181856.3,218.92,STAR,A5,632582132183213952,140.00238,18.315662,7111.48,70.2,0.042,-0.306,0.088,3.834,kA0hA3mA7  Eu,,7111.48¡À70.2,-0.306¡À0.042,3.834¡À0.088
647010190,J043619.50+602231.3,70.93,STAR,F0,471513986640910592,69.081259,60.375373,7115.59,197.28,0.167,-0.082,0.279,3.511,kA3hA7mF0  SiEu,,7115.59¡À197.28,-0.082¡À0.167,3.511¡À0.279
84407188,J070619.02+142039.2,53.67,STAR,F0,3353672539602813824,106.57925,14.344228,7147.81,54.37,0.047,-0.188,0.078,4.007,F2 V Sr Sr,vgood,7147.81¡À54.37,-0.188¡À0.047,4.007¡À0.078
425613191,J043527.84+091701.5,142.58,STAR,F0,3293383228971809024,68.8660278,9.2837656,7154.88,100.39,0.074,-0.243,0.134,4.046,F2 V Fe-0.5 Sr Sr,good,7154.88¡À100.39,-0.243¡À0.074,4.046¡À0.134
230012100,J103344.82+024724.3,168.75,STAR,F0,3856141489411626240,158.436563,2.790074,7160.48,66.52,0.046,-0.129,0.087,4.064,kA3hA6mA8  SiEu,,7160.48¡À66.52,-0.129¡À0.046,4.064¡À0.087
210003213,J071148.64+222615.6,52.99,STAR,F0,3367497184632627584,107.9527,22.437694,7164.98,57.81,0.05,-0.581,0.083,4.055,F1 V Fe-0.9 (Sr),vgood,7164.98¡À57.81,-0.581¡À0.05,4.055¡À0.083
354108223,J041233.79+532245.9,50.92,STAR,A5,275173851673704704,63.1408306,53.3794394,7177.36,145.99,0.126,-0.163,0.209,4.006,kA1hA5mF0  SiEu,,7177.36¡À145.99,-0.163¡À0.126,4.006¡À0.209
260814075,J212303.67+122151.3,164.6,STAR,F0,1746849442226743040,320.7653064,12.3642739,7190.23,266.92,0.187,0.108,0.349,3.642,kA3hF2mF2  Eu,,7190.23¡À266.92,0.108¡À0.187,3.642¡À0.349
501911030,J061506.44+081439.5,78.47,STAR,A7,3328342098101620608,93.776845,8.2443082,7198.99,204.82,0.171,-0.687,0.288,4.153,kA1hA2mA4  SiEu,,7198.99¡À204.82,-0.687¡À0.171,4.153¡À0.288
656302075,J071128.77+121116.9,133.98,STAR,F0,3160186466238841600,107.869875,12.1880461,7225.82,217.97,0.164,0.167,0.293,3.67,kA3hA9mA8  SiEu,,7225.82¡À217.97,0.167¡À0.164,3.67¡À0.293
392011062,J065936.95+134739.9,88.33,STAR,F0,3353582349587325696,104.90399,13.794436,7228.62,78.84,0.065,-0.228,0.11,4.1,kA2hA5mA8  SiEu,,7228.62¡À78.84,-0.228¡À0.065,4.1¡À0.11
603013236,J044526.01+413747.8,60.96,STAR,F0,203548262623099520,71.358405,41.6299581,7230.63,42.23,0.036,-0.099,0.06,4.125,F0 V SrSi,vgood,7230.63¡À42.23,-0.099¡À0.036,4.125¡À0.06
619006067,J005231.00+471936.3,152.37,STAR,F0,-9999,13.127282,47.326763,7232.34,237.17,0.171,0.251,0.314,3.79,F2 V Sr Sr,good,7232.34¡À237.17,0.251¡À0.171,3.79¡À0.314
81910032,J002028.50+325538.1,87.91,STAR,F0,2863365365219406208,5.118761,32.92725,7254.56,69.35,0.057,-0.085,0.097,4.076,kA3hA7mA9  SiEu,,7254.56¡À69.35,-0.085¡À0.057,4.076¡À0.097
473304040,J214100.32+371632.2,96.1,STAR,F0,1952689671199235328,325.2513356,37.2756231,7260.45,67.64,0.055,-0.01,0.094,3.857,kA3hA7mF0  SiEu,,7260.45¡À67.64,-0.01¡À0.055,3.857¡À0.094
128702071,J071128.77+121117.0,51.69,STAR,F0,3160186466238841600,107.86989,12.188056,7261.32,103.47,0.089,0.177,0.148,3.699,kA3hA9mA8  SiEu,,7261.32¡À103.47,0.177¡À0.089,3.699¡À0.148
600513059,J074006.58+011403.2,68.35,STAR,F0,3086986479620651136,115.027444,1.234234,7261.62,63.15,0.053,0.23,0.089,3.858,kA4hA9mF0,,7261.62¡À63.15,0.23¡À0.053,3.858¡À0.089
336503051,J082051.69+023315.8,229.49,STAR,A5,3090458252006861696,125.2153792,2.5543917,7262.66,99.74,0.059,-0.291,0.123,3.981,kA2hA9mA9  SiEu,,7262.66¡À99.74,-0.291¡À0.059,3.981¡À0.123
88710027,J071919.73-011906.1,116.9,STAR,F0,3109870683856094976,109.83223,-1.318362,7268.77,91.75,0.072,-0.037,0.125,3.91,F0 V Sr Sr,good,7268.77¡À91.75,-0.037¡À0.072,3.91¡À0.125
93604117,J081222.37-070001.9,52.38,STAR,F0,3063823755350925952,123.09321,-7.0005406,7287.12,55.48,0.048,0.183,0.079,3.915,kA3hA9mA8  SrEu,,7287.12¡À55.48,0.183¡À0.048,3.915¡À0.079
39414096,J063820.03+135131.4,50.91,STAR,A7,3355828750624626560,99.583469,13.858728,7290.37,75.16,0.065,-0.126,0.107,3.815,kA4hA5mA9  Eu,,7290.37¡À75.16,-0.126¡À0.065,3.815¡À0.107
482509062,J232514.22+394024.3,78.82,STAR,F0,1923137684858914688,351.309253,39.673418,7292.33,113.25,0.095,-0.038,0.159,3.85,kA3hA7mA9  SiEu,,7292.33¡À113.25,-0.038¡À0.095,3.85¡À0.159
392508011,J233030.57+552828.4,82.68,STAR,F0,1997648529861915776,352.627405,55.474568,7302.65,41.93,0.035,-0.315,0.059,4.074,F0 mA5 metal weak,,7302.65¡À41.93,-0.315¡À0.035,4.074¡À0.059
208307177,J075008.75+324413.8,268.72,STAR,A7,881777680886054400,117.53648,32.737176,7321.39,35,0.019,-0.397,0.043,4.014,kA3hA5mA7  SiEu,,7321.39¡À35,-0.397¡À0.019,4.014¡À0.043
1085607089,J083804.76+101114.7,147.58,STAR,A5,601288308974445696,129.5198523,10.1874205,7352.14,139.67,0.102,-0.207,0.186,4.121,kA1hA4mA8  SiEu,,7352.14¡À139.67,-0.207¡À0.102,4.121¡À0.186
257601032,J065804.86+274322.2,72.42,STAR,A7,887246548644308736,104.52025,27.722846,7360.05,46.11,0.039,-0.314,0.065,3.978,kA4hA6mA8  SiEu,,7360.05¡À46.11,-0.314¡À0.039,3.978¡À0.065
278112187,J083720.96+512431.2,72.98,STAR,F0,1027728671127044480,129.337374,51.408694,7376.16,96.06,0.081,0.152,0.135,3.935,kA4hA9mF0  SiEu,,7376.16¡À96.06,0.152¡À0.081,3.935¡À0.135
602711096,J080812.63+271702.8,146.23,STAR,A5,683752406908777216,122.0526356,27.2841353,7377.65,143.84,0.106,-0.187,0.191,3.879,kA3hA5mA7  SiEu,,7377.65¡À143.84,-0.187¡À0.106,3.879¡À0.191
255310004,J212137.23+420422.7,59.94,STAR,F0,1968842390371381504,320.405141,42.072986,7379.08,159.78,0.137,0.547,0.227,3.683,kA2hA5mA8  SiEu,,7379.08¡À159.78,0.547¡À0.137,3.683¡À0.227
492310021,J045331.76+540104.6,58.5,STAR,F0,273242078459913600,73.382363,54.017971,7392.62,47.47,0.041,-0.185,0.068,3.875,A7 V  SrSiEu,good,7392.62¡À47.47,-0.185¡À0.041,3.875¡À0.068
204012012,J061254.58+251207.5,66.94,STAR,F0,3426718908130271232,93.227446,25.202108,7398.28,73.35,0.062,0.104,0.104,3.622,kA4hA7mA9  Eu,,7398.28¡À73.35,0.104¡À0.062,3.622¡À0.104
43304129,J051950.95+365214.8,67.13,STAR,F0,184074880901425280,79.962309,36.870805,7409.73,111.57,0.095,0.153,0.158,3.65,kA3hA6mA9  SiEu,,7409.73¡À111.57,0.153¡À0.095,3.65¡À0.158
213606173,J053143.89+364516.6,77.16,STAR,F0,183495094676892672,82.932897,36.754631,7419.95,47.82,0.04,-0.115,0.067,4.041,kA6hA9mF0  SiEu,,7419.95¡À47.82,-0.115¡À0.04,4.041¡À0.067
87701184,J040129.80+363328.6,52.06,STAR,F0,219520009045445888,60.374176,36.557949,7421.2,29.16,0.025,-0.118,0.042,4.009,A8 mA4 metal weak,,7421.2¡À29.16,-0.118¡À0.025,4.009¡À0.042
535715146,J042537.25+520502.7,114.83,STAR,F0,271964583389144704,66.4052378,52.0841033,7434.28,145.63,0.114,0.281,0.199,3.684,kA3hA7mF1  SiEu,,7434.28¡À145.63,0.281¡À0.114,3.684¡À0.199
999615094,J160410.81+062705.4,124.56,STAR,A5,4449975796747670912,241.0450427,6.4515268,7443.69,58.75,0.045,-0.442,0.08,4.041,kA2hA3mA7  Eu,,7443.69¡À58.75,-0.442¡À0.045,4.041¡À0.08
308101118,J052214.21+560453.6,71.36,STAR,A5,267827322991427200,80.5592208,56.0815578,7453.41,49.32,0.042,0.491,0.07,3.847,kA1hA5mF0  SiEu,,7453.41¡À49.32,0.491¡À0.042,3.847¡À0.07
286201119,J053829.21+381434.1,58.65,STAR,F0,189690224224334848,84.62173,38.2428278,7469.19,174.19,0.149,-0.632,0.248,4.164,kA0hA3mA7  SrSiEu,,7469.19¡À174.19,-0.632¡À0.149,4.164¡À0.248
643716102,J055240.25+185745.6,77.77,STAR,F0,3398630230035492352,88.1677089,18.9626894,7469.54,37.15,0.031,-0.049,0.052,4.038,F0 V  (Sr)Eu,vgood,7469.54¡À37.15,-0.049¡À0.031,4.038¡À0.052
656301140,J071442.47+122207.0,169.92,STAR,F0,3160296039444396800,108.6769725,12.3686206,7481.37,89.37,0.062,0.008,0.116,3.895,kA2hA7mF0  SiEu,,7481.37¡À89.37,0.008¡À0.062,3.895¡À0.116
796105158,J082539.06+014831.5,131.68,STAR,F0,3078152556523744768,126.4127667,1.80875,7490.29,131.41,0.1,-0.012,0.177,3.759,kA3hA6mA8  SiEu,,7490.29¡À131.41,-0.012¡À0.1,3.759¡À0.177
165701090,J061307.55+205517.2,94.27,STAR,F0,3375125695088091392,93.281481,20.921463,7491.55,71.4,0.058,0.173,0.099,3.809,kA6hA8mF0  SiEu,,7491.55¡À71.4,0.173¡À0.058,3.809¡À0.099
19512062,J081925.98+134249.8,83.86,STAR,F0,651969923797227008,124.8582625,13.7138389,7502.22,219.32,0.182,0.485,0.307,3.675,kA3hA5mA8  SiEu,,7502.22¡À219.32,0.485¡À0.182,3.675¡À0.307
166104248,J042739.43+340542.9,76.1,STAR,F0,173137523342363008,66.914317,34.095259,7503.05,82.58,0.069,0.113,0.116,3.837,kA6hA8mF0  SiEu,,7503.05¡À82.58,0.113¡À0.069,3.837¡À0.116
603016126,J043300.13+431037.8,275.88,STAR,A7,-9999,68.24996556,43.176225,7527.42,31.87,0.018,-0.203,0.039,3.995,A9 V  SrSiEu,vgood,7527.42¡À31.87,-0.203¡À0.018,3.995¡À0.039
730911008,J061307.55+205517.3,89.03,STAR,F0,3375125695088091392,93.2814739,20.9214758,7531.44,71.37,0.059,0.192,0.1,3.799,kA6hA8mF0  SiEu,,7531.44¡À71.37,0.192¡À0.059,3.799¡À0.1
711006012,J044910.87+231216.8,119.66,STAR,F0,3413526761459303936,72.295299,23.204685,7551.08,100.93,0.078,0.184,0.137,3.927,kA2hA5mA8  SiEu,,7551.08¡À100.93,0.184¡À0.078,3.927¡À0.137
265109225,J062152.66+353830.6,71.76,STAR,F0,3452758676368812288,95.469433,35.641843,7561.37,68.48,0.058,0.174,0.097,3.509,kA3hF0mF3  SiEu,,7561.37¡À68.48,0.174¡À0.058,3.509¡À0.097
769413208,J072617.40+072209.8,53,STAR,A5,3142628158897256320,111.57254,7.3694031,7571.82,52.82,0.046,-0.294,0.075,4.01,kA2hF0mA6,,7571.82¡À52.82,-0.294¡À0.046,4.01¡À0.075
206310110,J023230.19+510113.5,52.87,STAR,F0,450915972026141824,38.125822,51.020427,7578.52,50.74,0.044,0.511,0.072,4.081,kA6hA8mF1  SiEu,,7578.52¡À50.74,0.511¡À0.044,4.081¡À0.072
378803109,J215713.35+142144.8,85.57,STAR,F0,1768584008264834688,329.305654,14.362449,7622.16,279.21,0.231,0.297,0.39,3.511,kA2hA5mA8  SiEu,,7622.16¡À279.21,0.297¡À0.231,3.511¡À0.39
347805097,J180536.48+051451.9,95.39,STAR,F0,4471403800908494720,271.40201,5.247762,7638.26,101.79,0.083,0.386,0.141,3.82,A9 mA3 metal weak,,7638.26¡À101.79,0.386¡À0.083,3.82¡À0.141
321714081,J061113.87+401950.3,75.06,STAR,F0,959690208703394176,92.807802,40.330657,7659.64,56.84,0.048,0.42,0.08,4.079,A9 V  SrSiEu,good,7659.64¡À56.84,0.42¡À0.048,4.079¡À0.08
373101095,J193723.39+382013.3,100.68,STAR,F0,2052117060288323968,294.34747,38.33704,7668.23,55.27,0.045,0.116,0.076,4.044,kA4hA7mF0  SiEu,,7668.23¡À55.27,0.116¡À0.045,4.044¡À0.076
768411035,J052511.72+054134.9,96.79,STAR,F0,3237654379038998528,81.29885,5.6930363,7722.66,152.39,0.124,0.413,0.211,3.641,A9 mA3 metal weak,,7722.66¡À152.39,0.413¡À0.124,3.641¡À0.211
613815054,J063236.60+280546.0,280.44,STAR,F0,-9999,98.15135,28.09593,7783.25,33.72,0.019,0.232,0.042,4.059,A9 V  Si,vgood,7783.25¡À33.72,0.232¡À0.019,4.059¡À0.042
202203154,J050428.78+215047.0,54.94,STAR,A7,3409207226951117312,76.11992,21.846399,7845.17,52.58,0.045,-0.027,0.075,3.92,kA6hA8mF0  SiEu,,7845.17¡À52.58,-0.027¡À0.045,3.92¡À0.075
1069511175,J024357.60+574109.1,100.71,STAR,F0,463878080243463808,40.990005,57.685874,8036.17,97.48,0.079,0.798,0.135,4.077,kA7hA7mF0  SiEu,,8036.17¡À97.48,0.798¡À0.079,4.077¡À0.135
88610129,J071801.00-003515.8,52.47,STAR,A7,3110243521373064064,109.50417,-0.58773,8613.78,86.47,0.075,0.908,0.123,4.06,A9 V  SrSiEu,good,8613.78¡À86.47,0.908¡À0.075,4.06¡À0.123
98809169,J055911.84+171034.9,65.17,STAR,A7,3350134001948358528,89.799346,17.176374,8628.38,40.77,0.035,0.499,0.058,4.034,A9 V  SrSiEu,good,8628.38¡À40.77,0.499¡À0.035,4.034¡À0.058
840707101,J030522.11+533409.7,57.22,STAR,A5,447073183185234688,46.3421481,53.5693803,8720.64,88.85,0.076,0.852,0.127,3.977,A1 IV  SrSi,good,8720.64¡À88.85,0.852¡À0.076,3.977¡À0.127
89402087,J051210.18+311247.2,53.27,STAR,A5,180456972249376896,78.042458,31.213124,8744.52,44.17,0.038,0.727,0.063,4.313,kA2hA4mA7  SiEu,,8744.52¡À44.17,0.727¡À0.038,4.313¡À0.063
601011037,J062530.23+460853.8,56.06,STAR,A5,965443643812200320,96.375984,46.148297,8746.27,58.2,0.05,0.432,0.083,4.119,kA4hA6mA8  SiEu,,8746.27¡À58.2,0.432¡À0.05,4.119¡À0.083
554205083,J164755.42-054354.7,132.37,STAR,A7,4353303088002537344,251.9809363,-5.7318789,8751.96,80.68,0.061,0.878,0.109,4.284,kA4hA6mA8  SiEu,,8751.96¡À80.68,0.878¡À0.061,4.284¡À0.109
218213159,J063536.05+210720.5,83.48,STAR,A6,3372904819039906944,98.900245,21.122363,8761.31,54.85,0.045,0.302,0.077,3.809,A5 IV-V  Si,vgood,8761.31¡À54.85,0.302¡À0.045,3.809¡À0.077
275407069,J074858.51-024444.2,77.64,STAR,A7,3081748023971378048,117.243816,-2.745631,8766.76,42.53,0.036,0.308,0.06,3.964,A7 Vn,vgood,8766.76¡À42.53,0.308¡À0.036,3.964¡À0.06
99107218,J060242.58+143138.1,69.18,STAR,A7,3345436029279550336,90.677442,14.52726,8775.56,40.67,0.034,0.545,0.057,4.424,kA4hA6mA8  Si,,8775.56¡À40.67,0.545¡À0.034,4.424¡À0.057
603008212,J043909.68+395018.5,245.17,STAR,A6,-9999,69.78875667,39.83880833,8776.24,20.33,0.012,0.03,0.025,3.754,A1 V  SrSi,vgood,8776.24¡À20.33,0.03¡À0.012,3.754¡À0.025
102006225,J055934.04+310925.0,53.72,STAR,A7,3449893933184375936,89.891859,31.156955,8779.58,48.35,0.042,0.453,0.069,4.129,F0 V  SrSi,good,8779.58¡À48.35,0.453¡À0.042,4.129¡À0.069
99101051,J055542.01+144329.5,63.32,STAR,A5,3346982904703770368,88.925049,14.724881,8783.54,39.88,0.034,0.405,0.057,3.979,A6 V  SrSi,vgood,8783.54¡À39.88,0.405¡À0.034,3.979¡À0.057
284212035,J053744.37+400540.7,53.31,STAR,A5,190976206151199104,84.434908,40.094655,8783.78,80.21,0.069,0.838,0.114,4.038,A5 IV  SrSiEu,good,8783.78¡À80.21,0.838¡À0.069,4.038¡À0.114
217901131,J044717.23+454443.3,105.5,STAR,A5,254546291977757056,71.821797,45.74537,8785.66,48.74,0.039,0.286,0.067,3.68,A3 IV  SrSi,vgood,8785.66¡À48.74,0.286¡À0.039,3.68¡À0.067
606512150,J030638.53+484804.1,116.76,STAR,A5,436179084538907520,46.66058,48.801142,8786.65,65.94,0.052,0.314,0.09,3.927,A7 V  SrSi,vgood,8786.65¡À65.94,0.314¡À0.052,3.927¡À0.09
202204031,J050639.32+221737.7,71.62,STAR,A6,3415249833619819520,76.663852,22.293822,8792.7,70.53,0.059,0.848,0.1,3.708,kA5hA6mF0  SiEu,,8792.7¡À70.53,0.848¡À0.059,3.708¡À0.1
201711178,J062447.56+253710.5,53.03,STAR,A5,3431904960881132032,96.198169,25.619591,8805.82,53.16,0.046,0.398,0.076,3.914,A7 V  SrSiEu,vgood,8805.82¡À53.16,0.398¡À0.046,3.914¡À0.076
183508003,J045713.62+104843.9,56.31,STAR,A2,-9999,74.306754,10.812207,8812.21,100.93,0.087,0.874,0.144,3.653,A0 IV  SrSiEu,good,8812.21¡À100.93,0.874¡À0.087,3.653¡À0.144
600415019,J073127.88+021937.3,74.86,STAR,A6,3135428419321763456,112.8661889,2.3270463,8828.9,80.75,0.068,0.75,0.114,3.824,A7 V  SrSiEu,good,8828.9¡À80.75,0.75¡À0.068,3.824¡À0.114
217807163,J045049.19+453510.5,138.65,STAR,A5,254493682919541632,72.704965,45.586265,8829.31,49.51,0.037,0.092,0.066,3.636,A4 IV-Vn,vgood,8829.31¡À49.51,0.092¡À0.037,3.636¡À0.066
267711090,J062349.67+184422.5,119.36,STAR,A5,3370845850376985600,95.956978,18.739602,8838.07,36.64,0.029,0.47,0.05,3.912,A2 IV  SrSiEu,vgood,8838.07¡À36.64,0.47¡À0.029,3.912¡À0.05
266203213,J050349.92+190602.6,52.93,STAR,A1,3407509271759846656,75.958008,19.100726,8843.53,63.01,0.054,0.128,0.09,3.796,A1 IV-V  SrSi,good,8843.53¡À63.01,0.128¡À0.054,3.796¡À0.09
373009018,J205817.54+361430.5,112.71,STAR,A6,1871321309627456896,314.5731147,36.2418308,8846.51,61.65,0.049,0.785,0.084,3.992,kA4hA7mA8  SiEu,,8846.51¡À61.65,0.785¡À0.049,3.992¡À0.084
327009066,J072833.25+561753.5,117.87,STAR,A7,988808025383935104,112.1385711,56.2982061,8850.93,33.41,0.026,0.471,0.046,4.429,A6 III-IV  SrSiEu,vgood,8850.93¡À33.41,0.471¡À0.026,4.429¡À0.046
939702155,J072431.53-050714.9,65.73,STAR,A1,3058621072491783040,111.1314069,-5.12082,8860.35,46.06,0.039,0.373,0.065,3.692,A1 IV-V  SrSi,good,8860.35¡À46.06,0.373¡À0.039,3.692¡À0.065
471208246,J212836.69+371529.4,184.91,STAR,A5,1952124930242073600,322.152902,37.258189,8865.89,48.45,0.032,0.279,0.062,3.69,A5 IV-V  Si,vgood,8865.89¡À48.45,0.279¡À0.032,3.69¡À0.062
399908113,J061441.05+215851.7,82.73,STAR,A5,3376910000600490624,93.6710667,21.981045,8878.25,38.09,0.032,0.125,0.053,3.643,A1 IV-V  SrSi,vgood,8878.25¡À38.09,0.125¡À0.032,3.643¡À0.053
212409109,J040802.36+352707.8,100.82,STAR,A7,171118613838240512,62.009846,35.45218,8879.43,61.43,0.049,0.739,0.085,4.292,A8 V  SrSiEu,vgood,8879.43¡À61.43,0.739¡À0.049,4.292¡À0.085
129203040,J072234.69+100212.9,55.16,STAR,A5,3155831953517440128,110.64455,10.036929,8883.49,72.57,0.063,0.897,0.103,4.315,A1 III-IV  SrSiEu,good,8883.49¡À72.57,0.897¡À0.063,4.315¡À0.103
162204213,J195111.98+420626.4,72.01,STAR,A5,2078430228973077376,297.799917,42.107361,8888.97,47.02,0.04,0.078,0.066,3.737,A1 IV-V  SrSi,vgood,8888.97¡À47.02,0.078¡À0.04,3.737¡À0.066
469305068,J004935.62+563512.8,289.58,STAR,A5,423851046629119872,12.398426,56.586916,8890.96,52.15,0.029,0.772,0.064,4.198,A6 V  SrSiEu,good,8890.96¡À52.15,0.772¡À0.029,4.198¡À0.064
1067904180,J005024.78+080147.9,410.03,STAR,A1,-9999,12.60200389,8.02998333,8897.64,32.21,0.018,0.29,0.04,3.669,A1 IV-V  Sr,fair,8897.64¡À32.21,0.29¡À0.018,3.669¡À0.04
263901101,J075341.13+012524.8,64.4,STAR,A5,3087463049192393088,118.421402,1.423568,8909.05,32.08,0.027,0.559,0.045,4.29,kA3hA6mA8  Eu,,8909.05¡À32.08,0.559¡À0.027,4.29¡À0.045
1073807218,J014720.19+562847.1,60.23,STAR,A6,505608330395353088,26.834153,56.479759,8924.43,47.78,0.041,0.359,0.068,3.8,A2 IV-V  SrSi,vgood,8924.43¡À47.78,0.359¡À0.041,3.8¡À0.068
267705156,J062504.75+160136.2,54.63,STAR,A5,3368959466380124416,96.269797,16.026734,8925.55,62.42,0.054,0.854,0.089,3.786,kA2hA4mA7  SrSiEu,,8925.55¡À62.42,0.854¡À0.054,3.786¡À0.089
1109215097,J104851.80+144222.9,88.67,STAR,A5,3885182821316785408,162.2158542,14.7063639,9015.62,79.36,0.065,0.922,0.111,3.746,A1 IV-V  SrSi,good,9015.62¡À79.36,0.922¡À0.065,3.746¡À0.111
42602004,J053210.86+382849.7,100.45,STAR,A5,190412495985592320,83.045268,38.480486,9017.87,99.13,0.08,0.994,0.137,4.168,A2 IV  SrSiEu,good,9017.87¡À99.13,0.994¡À0.08,4.168¡À0.137
218313247,J063448.89+205336.7,98.2,STAR,A5,3372875578902561792,98.703736,20.893529,9029.16,71.87,0.058,0.781,0.1,4.273,kA2hA5mA8  SiEu,,9029.16¡À71.87,0.781¡À0.058,4.273¡À0.1
603011037,J044023.09+432043.2,120.7,STAR,A5,204715974034230272,70.0962244,43.3453347,9051.91,44.75,0.035,0.349,0.061,3.802,A6 V  SrSiEu,vgood,9051.91¡À44.75,0.349¡À0.035,3.802¡À0.061
385404137,J063547.40+012719.9,105.91,STAR,A2,3120697433110091008,98.9475331,1.4555439,9108.46,31.92,0.025,0.061,0.044,3.529,A0 IV-V  (Sr)Si,vgood,9108.46¡À31.92,0.061¡À0.025,3.529¡À0.044
631613157,J021715.97+451509.4,91.8,STAR,A5,352272362921591296,34.316552,45.252632,9129.7,87.68,0.072,0.983,0.122,4.441,kA2hA9mF0  SiEu,,9129.7¡À87.68,0.983¡À0.072,4.441¡À0.122
760412151,J061757.25+243046.8,95.69,STAR,A1,3425768036729790464,94.4885442,24.5130178,9130.22,41.54,0.034,0.012,0.058,3.568,A3 mA0 V Lam Boo,,9130.22¡À41.54,0.012¡À0.034,3.568¡À0.058
436212233,J073051.18-004609.9,94.99,STAR,A1,3062347764072983808,112.713262,-0.769433,9134.23,80.11,0.065,0.905,0.111,4.123,A0 IV-V  SrSiEu,good,9134.23¡À80.11,0.905¡À0.065,4.123¡À0.111
1069116102,J075856.08+000845.6,54.64,STAR,A5,3084083150447584768,119.733685,0.14601,9139.91,52.37,0.045,0.679,0.075,3.899,A2 IV-V  SrSiEu,good,9139.91¡À52.37,0.679¡À0.045,3.899¡À0.075
215607082,J081800.60+081048.9,68.66,STAR,A7,3098081720173775744,124.50254,8.1802501,9148.19,73.43,0.062,0.876,0.104,4.375,kA3hA7mA9  SiEu,,9148.19¡À73.43,0.876¡À0.062,4.375¡À0.104
580504203,J192507.26+393724.1,50.06,STAR,A5,2052999216515180928,291.280267,39.623381,9188.85,62.61,0.054,0.726,0.09,4.037,A7 V  SrSi,good,9188.85¡À62.61,0.726¡À0.054,4.037¡À0.09
370913080,J230946.20+314921.4,138.75,STAR,A5,1910668982481019904,347.442528,31.82263,9189.04,91.27,0.068,0.884,0.122,4.153,A1 IV  SrSiEu,good,9189.04¡À91.27,0.884¡À0.068,4.153¡À0.122
575303139,J194502.63+135357.2,60.51,STAR,A7,4317355315582386048,296.260983,13.899225,9196.35,74.17,0.063,0.675,0.105,3.928,F0 V  SrSiEu,good,9196.35¡À74.17,0.675¡À0.063,3.928¡À0.105
601608045,J064043.83+270825.4,157.18,STAR,A7,3385798796195678976,100.1826408,27.14041,9215.89,71.51,0.051,0.691,0.094,3.882,A8 V  SrSi,good,9215.89¡À71.51,0.691¡À0.051,3.882¡À0.094
948712176,J055022.58+310333.7,123.03,STAR,A1,3444855038897125760,87.5940906,31.0593711,9252.38,47.1,0.036,0.309,0.064,3.572,A0 IV-V  Si,vgood,9252.38¡À47.1,0.309¡À0.036,3.572¡À0.064
267804170,J062322.66+165457.7,113.17,STAR,A1,3369625972286502784,95.844423,16.916037,9254.65,51.22,0.04,0.443,0.07,3.7,B9.5 V  Si,good,9254.65¡À51.22,0.443¡À0.04,3.7¡À0.07
525508145,J052222.86+463358.8,65.07,STAR,A2,211856997116075392,80.595258,46.566345,9254.93,44.82,0.038,-0.042,0.064,3.532,A0 V  Si,vgood,9254.93¡À44.82,-0.042¡À0.038,3.532¡À0.064
614307094,J062848.35+240100.1,114.17,STAR,A7,3383389010306384896,97.2014736,24.0167197,9266.11,55.23,0.043,0.644,0.076,4.386,A8 V  SrSiEu,vgood,9266.11¡À55.23,0.644¡À0.043,4.386¡À0.076
379211135,J072930.65+105323.5,258.06,STAR,A5,3161859751138451584,112.3777397,10.8898669,9266.83,30.8,0.017,0.511,0.038,4.087,A1 IV  SrSi,vgood,9266.83¡À30.8,0.511¡À0.017,4.087¡À0.038
855502054,J061951.25+205633.4,51.41,STAR,A1,3375841721974493440,94.9635808,20.9426333,9267.6,45.86,0.04,0.306,0.066,3.568,A1 IV-V  SrSi,vgood,9267.6¡À45.86,0.306¡À0.04,3.568¡À0.066
1070805143,J012334.69+305654.7,583.39,STAR,A2,-9999,20.892899,30.948531,9273.85,29.97,0.016,0.071,0.037,3.51,B9.5 V  Si,vgood,9273.85¡À29.97,0.071¡À0.016,3.51¡À0.037
255316238,J212648.99+443244.5,75.76,STAR,A5,1971177718709519360,321.7041422,44.5457114,9283.08,84.7,0.071,0.884,0.119,3.663,A0 IV  SrSiEu,good,9283.08¡À84.7,0.884¡À0.071,3.663¡À0.119
803203166,J055127.82+202016.5,58.78,STAR,A5,3399803344518529280,87.865945,20.337934,9294.75,73.41,0.063,0.877,0.104,3.75,A2 IV  SrSiEu,good,9294.75¡À73.41,0.877¡À0.063,3.75¡À0.104
992716121,J053348.07+415436.5,99.46,STAR,A2,194455988654697600,83.45032,41.910163,9299.04,60,0.048,0.408,0.083,3.606,A0 V  Si,vgood,9299.04¡À60,0.408¡À0.048,3.606¡À0.083
201711099,J062438.23+252100.1,68.3,STAR,A5,3431793944566048512,96.159317,25.350043,9305.77,66,0.056,0.67,0.093,3.76,A5 V  SrSi,good,9305.77¡À66,0.67¡À0.056,3.76¡À0.093
275010154,J225212.89+561124.2,52.79,STAR,A5,2003784560663576832,343.053738,56.190064,9313.05,58.36,0.05,0.82,0.083,4.132,A1 IV-V  SrSiEu,good,9313.05¡À58.36,0.82¡À0.05,4.132¡À0.083
806303084,J054828.45+312918.2,128.48,STAR,A1,3445114454919188352,87.1185556,31.4884092,9315.7,48.51,0.037,0.266,0.066,3.541,kB9.5hA7mA5  Eu,,9315.7¡À48.51,0.266¡À0.037,3.541¡À0.066
367702019,J194456.13+393336.3,50.45,STAR,A5,2073299465348525440,296.23389,39.560089,9316.96,55.6,0.048,0.633,0.08,3.74,A4 V  SrSiEu,vgood,9316.96¡À55.6,0.633¡À0.048,3.74¡À0.08
369614200,J071122.01+073107.6,102.73,STAR,A5,3153482464670471680,107.8417297,7.5188014,9320.62,84.68,0.068,0.916,0.117,3.878,A1 III-IV  SrSiEu,good,9320.62¡À84.68,0.916¡À0.068,3.878¡À0.117
618907038,J061821.13+104020.9,65.97,STAR,A1,3330770403891662592,94.588073,10.672492,9331.64,49.12,0.042,0.33,0.07,3.519,A0 IV-V  (Sr)Si,vgood,9331.64¡À49.12,0.33¡À0.042,3.519¡À0.07
960103045,J042926.31+445759.6,293.32,STAR,A3,253656271676829440,67.3596603,44.9665619,9333.22,85.2,0.047,0.773,0.105,3.686,A0 IV  SrSi,good,9333.22¡À85.2,0.773¡À0.047,3.686¡À0.105
814804187,J070458.76+044221.5,70.28,STAR,A5,3128487339853368448,106.2448736,4.7059825,9342.53,42.72,0.036,0.669,0.06,4.24,A9 V  Sr,poor,9342.53¡À42.72,0.669¡À0.036,4.24¡À0.06
385315091,J061451.00+360847.5,53.96,STAR,A5,3452975383238262400,93.712506,36.146534,9353.31,62.75,0.054,0.727,0.09,4.061,A1 IV  SrSiEu,good,9353.31¡À62.75,0.727¡À0.054,4.061¡À0.09
361813093,J204152.00+494057.4,81.93,STAR,A5,2168286515385133056,310.4666922,49.6826372,9361.18,61.84,0.051,0.796,0.087,4.3,A0 IV-V  SrSiEu,good,9361.18¡À61.84,0.796¡À0.051,4.3¡À0.087
1047115033,J214133.27+484922.8,65.89,STAR,A2,1978814342365403008,325.38865,48.823001,9361.37,65.33,0.056,0.622,0.093,3.565,A0 IV  (Sr)Si,good,9361.37¡À65.33,0.622¡À0.056,3.565¡À0.093
869305009,J070048.61-011012.7,86.91,STAR,A2,3112178215161279104,105.202569,-1.170213,9368.18,59.14,0.049,-0.034,0.083,3.504,A0 V  Si,vgood,9368.18¡À59.14,-0.034¡À0.049,3.504¡À0.083
428006106,J063208.48+212819.8,88.63,STAR,A5,3373153656563705216,98.0353683,21.4721694,9374.99,78.13,0.064,0.979,0.109,4.081,kA2hA5mA7  SiEu,,9374.99¡À78.13,0.979¡À0.064,4.081¡À0.109
1048711234,J043642.16+181710.1,96.2,STAR,A5,3409604597326480512,69.1757013,18.2861566,9377.98,63.67,0.052,0.917,0.088,4.136,kA2hA7mA7  SiEu,,9377.98¡À63.67,0.917¡À0.052,4.136¡À0.088
975710082,J061827.33+183644.9,73.19,STAR,A5,3373795221598151936,94.6138985,18.6124782,9380.62,61.54,0.052,0.514,0.087,3.663,A1 IV  SrSiEu,vgood,9380.62¡À61.54,0.514¡À0.052,3.663¡À0.087
269001048,J071740.58-015230.6,173.68,STAR,A2,3109810279435639424,109.418988,-1.875821,9387.02,21.3,0.015,-0.057,0.028,3.512,A0 IV  Si,vgood,9387.02¡À21.3,-0.057¡À0.015,3.512¡À0.028
336012241,J071309.21-020821.5,52.67,STAR,A5,3108477254722302208,108.288406,-2.139323,9396.69,84.11,0.073,0.735,0.12,3.631,A0 IV-V  SrSi,good,9396.69¡À84.11,0.735¡À0.073,3.631¡À0.12
248306045,J012244.66+511900.1,55.04,STAR,A5,409828669900583424,20.686094,51.316716,9399.54,67.18,0.058,0.871,0.096,4.254,A0 III-IV  SrSiEu,good,9399.54¡À67.18,0.871¡À0.058,4.254¡À0.096
948707144,J054728.10+265909.9,89.51,STAR,A5,3441489163221844736,86.8671006,26.9860853,9400.6,56.22,0.046,0.549,0.078,3.747,A2 IV-V  SrSi,vgood,9400.6¡À56.22,0.549¡À0.046,3.747¡À0.078
686605096,J065001.92+222234.9,74.53,STAR,A1,3378709213938685312,102.5080175,22.3763867,9421.11,44.44,0.037,0.544,0.063,3.754,kB8hA1mA5  SiEu,,9421.11¡À44.44,0.544¡À0.037,3.754¡À0.063
960605145,J071040.94+083053.3,129.48,STAR,A1,3154457529624382720,107.67059,8.5148188,9423.19,62.6,0.048,0.667,0.085,3.546,B9 V  Si,good,9423.19¡À62.6,0.667¡À0.048,3.546¡À0.085
836508075,J003429.83+510405.6,266.43,STAR,A5,-9999,8.625965,51.068848,9437.9,27.55,0.015,0.768,0.034,3.909,A1 IV  SrSiEu,good,9437.9¡À27.55,0.768¡À0.015,3.909¡À0.034
618903110,J061140.31+124704.0,116.67,STAR,A5,3344031300097224192,92.917974,12.784457,9445.34,80.71,0.063,0.653,0.11,3.901,A3 IV-V  SrSiEu,good,9445.34¡À80.71,0.653¡À0.063,3.901¡À0.11
1204614243,J052301.62+274102.3,87.64,STAR,A1,3421315079060430592,80.7567549,27.6839929,9448.56,59.82,0.049,0.529,0.084,3.519,kB9hA7mA5,,9448.56¡À59.82,0.529¡À0.049,3.519¡À0.084
794607108,J061513.80+212855.3,100.17,STAR,A5,3376672162491169664,93.8075305,21.4820458,9456.08,72.6,0.059,0.504,0.1,3.77,A1 IV-V  SrSiEu,good,9456.08¡À72.6,0.504¡À0.059,3.77¡À0.1
129808084,J072607.20+332559.5,52.74,STAR,A1,-9999,111.53001,33.433195,9458.71,52.02,0.045,0.228,0.074,3.557,kB7hB9mA0  Si,,9458.71¡À52.02,0.228¡À0.045,3.557¡À0.074
384909160,J060124.15-022011.9,277.87,STAR,A2,3025108744049539328,90.3506467,-2.3366578,9458.73,24.89,0.014,0.195,0.031,3.506,B9 V  Si,vgood,9458.73¡À24.89,0.195¡À0.014,3.506¡À0.031
898005134,J062609.76+173121.3,69.33,STAR,A5,3369766679713018240,96.5406707,17.5226053,9467.11,69.19,0.059,0.937,0.098,3.674,A7 mA0 metal weak,,9467.11¡À69.19,0.937¡À0.059,3.674¡À0.098
393214009,J041033.08+264137.0,174.04,STAR,A5,162974767429759616,62.6378436,26.6936206,9486.97,95.77,0.065,0.912,0.124,3.967,A0 III-IV  SrSiEu,good,9486.97¡À95.77,0.912¡À0.065,3.967¡À0.124
306904024,J015950.95+470812.8,66.26,STAR,A6,356061932826553344,29.962304,47.136907,9491.14,65.27,0.055,0.482,0.092,3.686,A2 IV  SrSi,good,9491.14¡À65.27,0.482¡À0.055,3.686¡À0.092
1046907164,J065218.34+101233.2,82.15,STAR,A1,3158621174000151552,103.0764172,10.2092381,9509.17,69.16,0.057,0.63,0.097,3.611,A0 IV-V  Si,good,9509.17¡À69.16,0.63¡À0.057,3.611¡À0.097
864501137,J040937.16+530206.3,338.61,STAR,A2,275115680638568320,62.4048682,53.0350854,9531.99,71.52,0.039,0.807,0.088,3.617,A0 IV-V  Si,good,9531.99¡À71.52,0.807¡À0.039,3.617¡À0.088
1048008030,J054821.84+202936.9,95.29,STAR,A1,3399782281997844352,87.0910161,20.4935997,9541.46,50.87,0.041,0.658,0.071,3.602,B9.5 V  Si,vgood,9541.46¡À50.87,0.658¡À0.041,3.602¡À0.071
836605206,J022726.67+540721.2,214.58,STAR,A1,455584743216752640,36.86113,54.122572,9554.57,41.97,0.026,0.179,0.053,3.503,B9 V  Si,vgood,9554.57¡À41.97,0.179¡À0.026,3.503¡À0.053
206308163,J025154.76+505706.2,197.28,STAR,A1,440357980337158912,42.9781773,50.9517404,9558.04,38,0.024,0.267,0.048,3.524,A0 V  Si,vgood,9558.04¡À38,0.267¡À0.024,3.524¡À0.048
167503122,J051309.07+413930.3,142.84,STAR,A1,201155381724389888,78.287828,41.658417,9561.4,36.77,0.027,-0.083,0.049,3.531,A0 V  Si,vgood,9561.4¡À36.77,-0.083¡À0.027,3.531¡À0.049
319903081,J053102.91+351804.2,60.94,STAR,A2,183086862328618240,82.762128,35.301172,9567,66.82,0.057,0.558,0.095,3.641,A0 IV  SrSi,good,9567¡À66.82,0.558¡À0.057,3.641¡À0.095
415707094,J065155.08+113954.9,51.76,STAR,A5,3351310792924966272,102.97954,11.665257,9569.24,64.06,0.055,0.527,0.092,3.931,A7 V  SrEu,good,9569.24¡À64.06,0.527¡À0.055,3.931¡À0.092
966006205,J043642.16+181710.0,86.07,STAR,A5,3409604597326480512,69.1756854,18.2861282,9581.31,78.11,0.064,0.786,0.109,4.168,kA2hA5mA7  SiEu,,9581.31¡À78.11,0.786¡À0.064,4.168¡À0.109
939411226,J071026.62-024253.9,89.63,STAR,A2,3108336590255067776,107.61093,-2.714983,9592.3,54.01,0.044,0.611,0.075,3.647,A0 IV-V  SrSiEu,vgood,9592.3¡À54.01,0.611¡À0.044,3.647¡À0.075
528214026,J064535.91+070107.7,55.05,STAR,A2,-9999,101.39964,7.0188125,9592.66,85.1,0.073,0.691,0.121,3.595,A0 IV  SrSi,vgood,9592.66¡À85.1,0.691¡À0.073,3.595¡À0.121
363202194,J022218.06+374435.5,69.22,STAR,A1,331616250288031360,35.5752566,37.7431954,9598.15,69.08,0.058,0.786,0.098,3.983,A0 IV  SrSiEu,good,9598.15¡À69.08,0.786¡À0.058,3.983¡À0.098
116709033,J051054.02+343924.9,56.7,STAR,A5,185246341822456960,77.725095,34.656935,9606.58,63.35,0.054,0.943,0.09,3.903,A5 IV  SrSiEu,good,9606.58¡À63.35,0.943¡À0.054,3.903¡À0.09
191013079,J054810.73+474937.7,56.46,STAR,A5,-9999,87.044715,47.827152,9607.74,44.75,0.038,0.683,0.064,4.202,A1 IV-V  SrSiEu,good,9607.74¡À44.75,0.683¡À0.038,4.202¡À0.064
840708181,J030238.93+541029.5,84.47,STAR,A1,447337306494019200,45.6622286,54.1748739,9617.26,59.97,0.05,0.612,0.084,3.576,kA0hA8mA6  SiEu,,9617.26¡À59.97,0.612¡À0.05,3.576¡À0.084
380804232,J020657.75+543932.5,533.62,STAR,A5,456419994097982592,31.74043583,54.65877278,9618.28,62.51,0.034,0.848,0.077,4.015,kA2hA7mA7  SiEu,,9618.28¡À62.51,0.848¡À0.034,4.015¡À0.077
221105208,J064645.85+254403.6,369.44,STAR,A5,3384668532602177408,101.69107,25.734339,9624.8,88.14,0.048,0.95,0.109,4.205,kA3hA5mA7  SiEu,,9624.8¡À88.14,0.95¡À0.048,4.205¡À0.109
379004005,J042349.52+503505.1,100.57,STAR,A5,270701966082334464,65.9563547,50.58476,9627.27,94.76,0.076,0.849,0.131,4.209,A3 III-IV  SrSiEu,good,9627.27¡À94.76,0.849¡À0.076,4.209¡À0.131
1073116059,J060201.28+251618.3,131.7,STAR,A2,3429540181950271360,90.50537,25.271751,9627.67,67.7,0.051,0.298,0.091,3.572,A0 IV-V  SrSi,vgood,9627.67¡À67.7,0.298¡À0.051,3.572¡À0.091
601613214,J064441.84+273054.4,114.79,STAR,A1,3386150468117691776,101.17434,27.51512,9642.75,75.88,0.06,0.829,0.104,3.701,A0 IV  Si,good,9642.75¡À75.88,0.829¡À0.06,3.701¡À0.104
374601124,J035111.24+484702.9,53.67,STAR,A5,250030047967733248,57.7968644,48.7841575,9650.94,65.24,0.056,0.906,0.093,4.244,kA1hA7mA7  SiEu,,9650.94¡À65.24,0.906¡À0.056,4.244¡À0.093
898108160,J065650.57+024301.2,104.14,STAR,A1,3127765613550429312,104.2107446,2.7170163,9684.58,35.83,0.029,0.309,0.049,3.607,A0 III-IV  SrSi,vgood,9684.58¡À35.83,0.309¡À0.029,3.607¡À0.049
840311162,J064423.83+013638.9,103.83,STAR,A1,3125946432910007808,101.0993,1.610821,9692.56,62.98,0.05,0.588,0.087,3.6,B9.5 V  Si,vgood,9692.56¡À62.98,0.588¡À0.05,3.6¡À0.087
195116186,J053648.70+240944.0,63.63,STAR,A5,3404703829186510976,84.202954,24.162235,9697.39,61.22,0.052,0.843,0.087,3.954,A1 IV  SrSiEu,good,9697.39¡À61.22,0.843¡À0.052,3.954¡À0.087
1049102048,J232736.65+485243.2,67.48,STAR,A5,1942129171249724288,351.9027167,48.8786722,9706.93,88.34,0.075,0.864,0.125,4.266,A2 III-IV  SrSiEu,good,9706.93¡À88.34,0.864¡À0.075,4.266¡À0.125
647604143,J061525.73+094311.8,420.28,STAR,A2,3329068256811888512,93.85721,9.7199633,9731.9,46.19,0.025,0.528,0.057,3.541,B9 V,good,9731.9¡À46.19,0.528¡À0.025,3.541¡À0.057
960704123,J005339.95+371512.1,359.61,STAR,A1,364616408166968576,13.4164926,37.2533623,9733.4,29.51,0.016,0.155,0.036,3.52,kB9hA8mA5  Sr,,9733.4¡À29.51,0.155¡À0.016,3.52¡À0.036
190414035,J075601.68+223633.4,50.05,STAR,A5,674362955564780544,119.00702,22.609304,9737.37,66.01,0.057,0.897,0.094,4.278,A1 III-IV  SrSiEu,good,9737.37¡À66.01,0.897¡À0.057,4.278¡À0.094
274312188,J063502.26+221042.6,57.92,STAR,A2,3379209010694911744,98.759433,22.178501,9741.09,55.5,0.048,0.405,0.079,3.525,A0 IV  Si,vgood,9741.09¡À55.5,0.405¡À0.048,3.525¡À0.079
1146714120,J234714.71+623751.7,50.19,STAR,A1,2015967115137754112,356.8113012,62.6310336,9747.2,46.71,0.04,0.187,0.067,3.516,A0 III-IV  Si,good,9747.2¡À46.71,0.187¡À0.04,3.516¡À0.067
379005043,J042327.25+493749.0,95.59,STAR,A2,270390701212161920,65.8635708,49.6302931,9783.66,44.56,0.036,0.404,0.062,3.609,A0 IV-V  Si,vgood,9783.66¡À44.56,0.404¡À0.036,3.609¡À0.062
385412051,J064107.24+033930.5,81.97,STAR,A5,3127565949110622592,100.2801986,3.6584953,9799.46,75.21,0.062,0.937,0.105,3.818,kA1hA7mF5  SiEu,,9799.46¡À75.21,0.937¡À0.062,3.818¡À0.105
1089210070,J065405.96-000928.2,60.33,STAR,A1,3113283293067443456,103.5248508,-0.1578392,9812.64,57.43,0.049,0.334,0.082,3.537,B9.5 IV-V  Si,good,9812.64¡À57.43,0.334¡À0.049,3.537¡À0.082
526612068,J063659.58+160543.2,79.52,STAR,A1,3357133634707216128,99.248261,16.095345,9818.38,72.34,0.06,0.702,0.102,3.578,B9.5 III-IV  Si,vgood,9818.38¡À72.34,0.702¡À0.06,3.578¡À0.102
1067401077,J065718.29+172022.3,82.65,STAR,A1,3364202085723995392,104.3262244,17.3395494,9829.2,37.27,0.031,0.349,0.052,3.553,B9 V  Si,good,9829.2¡À37.27,0.349¡À0.031,3.553¡À0.052
1143203153,J202457.98+325051.4,100.55,STAR,A1,2054406866285405312,306.2416048,32.8476212,9838.84,50.83,0.041,0.115,0.07,3.52,A0 IV-V  Si,vgood,9838.84¡À50.83,0.115¡À0.041,3.52¡À0.07
1173914016,J070556.11-015350.3,126.22,STAR,A1,3109250662374124416,106.4838086,-1.8973312,9842.5,91.25,0.07,0.773,0.124,3.628,?? V,poor,9842.5¡À91.25,0.773¡À0.07,3.628¡À0.124
902009161,J170817.19+301029.3,110.08,STAR,A1,1309205163963376384,257.070088,30.174824,9854.26,63.91,0.051,0.657,0.088,3.509,kB7hB9mA0  Si,,9854.26¡À63.91,0.657¡À0.051,3.509¡À0.088
795907143,J063430.94+210652.4,104.82,STAR,A2,3373071021393211776,98.6289531,21.1145558,9855.82,66.47,0.053,0.653,0.092,3.613,B9.5 V  Si,vgood,9855.82¡À66.47,0.653¡À0.053,3.613¡À0.092
1073807155,J015004.37+562111.1,54.13,STAR,A1,505568644894657664,27.51821,56.353104,9859.04,53.81,0.046,0.685,0.077,3.702,A0 IV  Si,good,9859.04¡À53.81,0.685¡À0.046,3.702¡À0.077
1048002144,J054317.60+190636.7,78.27,STAR,A2,3399205038394386560,85.8233639,19.1102042,9873.56,89.11,0.074,0.785,0.125,3.633,B9 V  Si,vgood,9873.56¡À89.11,0.785¡À0.074,3.633¡À0.125
46111215,J064959.82+293304.5,103.67,STAR,A1,-9999,102.49927,29.551263,9879.25,105.08,0.084,0.875,0.145,3.606,B9 V  Si,good,9879.25¡À105.08,0.875¡À0.084,3.606¡À0.145
1158409212,J064217.42+050431.7,145.04,STAR,A3,3130825554410234624,100.5726039,5.0754743,9935.6,39.73,0.029,0.478,0.053,3.506,B9.5 III-IV,good,9935.6¡À39.73,0.478¡À0.029,3.506¡À0.053
939412133,J071306.92-022604.0,115.49,STAR,A3,3108186987958641664,108.278869,-2.434461,9938.91,86.72,0.068,0.924,0.118,3.754,kA2hA7mA7  SiEu,,9938.91¡À86.72,0.924¡À0.068,3.754¡À0.118
475203114,J204641.44+300205.0,127.86,STAR,A1,1859061067779410688,311.672699,30.034732,9960.32,142.62,0.109,0.735,0.193,3.515,B9 V  Si,good,9960.32¡À142.62,0.735¡À0.109,3.515¡À0.193
655803075,J064639.23+051708.4,63.54,STAR,A1,-9999,101.66349,5.2856913,9967.28,68.63,0.059,0.409,0.097,3.579,B9.5 IV  Si,good,9967.28¡À68.63,0.409¡À0.059,3.579¡À0.097
962003193,J042623.02+442412.4,74.26,STAR,A1,253612085053877248,66.595953,44.40347,9970,78.03,0.066,0.811,0.11,3.674,B9 IV-V  Si,vgood,9970¡À78.03,0.811¡À0.066,3.674¡À0.11
270409108,J230415.79+581745.8,81.01,STAR,A1,2010251372659949312,346.0658228,58.2960714,9983.91,42.27,0.035,0.439,0.059,3.586,B9 V  Si,vgood,9983.91¡À42.27,0.439¡À0.035,3.586¡À0.059
869309051,J070255.58+012119.9,84.17,STAR,A1,3114623425941472640,105.731613,1.355537,9986.46,46.38,0.038,0.167,0.065,3.538,B9.5 IV  Si,good,9986.46¡À46.38,0.167¡À0.038,3.538¡À0.065
647612003,J062122.07+113717.9,99.59,STAR,A1,3330935124476633344,95.34197,11.6216456,9994.2,29.2,0.024,-0.366,0.04,3.504,A8 mA3 V metal-weak,,9994.2¡À29.2,-0.366¡À0.024,3.504¡À0.04
27103124,J055420.50+334129.0,118.6,STAR,F0,3451416103953676928,88.585456,33.691414,,,,,,,A8 mA4 metal weak,,,,
27111218,J060122.65+352140.8,116.22,STAR,A2,3453487167244875648,90.344412,35.361355,,,,,,,B7 V  Si,vgood,,,
29810150,J042909.77+521553.9,66.13,STAR,A7,272049722521976448,67.290735,52.264996,,,,,,,kA3hF1mF6  Eu,,,,
29915175,J065104.86+075706.7,116.97,STAR,A2,3133347490486308096,102.77025,7.951875,,,,,,,B7 III,vgood,,,
39206076,J050233.37+433558.1,162.79,STAR,A2,205480340771949440,75.639083,43.599489,,,,,,,B8 III-IV,vgood,,,
42614104,J052534.84+405841.7,169.44,STAR,A1,194158227163434752,81.395174,40.978277,,,,,,,B8 III  Si,vgood,,,
44403185,J063549.77+042707.0,94.71,STAR,A5,3130865819723905024,98.95739,4.451948,,,,,,,B8 III-IV  Si,vgood,,,
84210175,J065500.42+143935.3,186.36,STAR,A2,3354261950855353216,103.75176,14.659808,,,,,,,B8 IV  Si,vgood,,,
89708056,J052554.52+322715.4,89.69,STAR,A5,3447491770858734592,81.477182,32.454296,,,,,,,kA2hA9mF0  SiEu,,,,
96715141,J033305.36+433944.2,77.27,STAR,A5,238477307497102208,53.272354,43.662303,,,,,,,kA2hA4mA7  SiEu,,,,
99116238,J055222.76+183450.2,73.01,STAR,A2,3398228221096562816,88.094865,18.580635,,,,,,,B7 II-III,vgood,,,
101115178,J062644.25+034048.6,204.51,STAR,A5,3125139189507636736,96.684379,3.6801729,,,,,,,kA3hA5mA8,,,,
101116233,J062411.55+050421.9,65.75,STAR,A5,3131537900505503872,96.048146,5.0727543,,,,,,,kA5hA8mF0  SiEu,,,,
101302070,J062434.70+011155.3,72.88,STAR,A2,3123471367806324480,96.144606,1.1987083,,,,,,,B5 III,vgood,,,
101414071,J062107.34+031743.4,137.12,STAR,A1,3125251855090040448,95.280616,3.295393,,,,,,,B9 III  Si,vgood,,,
107804050,J055400.04+204642.3,89.78,STAR,A2,3399843648491689728,88.500184,20.778443,,,,,,,B5 III,vgood,,,
107905056,J055227.34+192949.0,67.7,STAR,A2,3398866938568586240,88.113929,19.496961,,,,,,,B5 III-IV  Si,vgood,,,
108011078,J055326.56+215529.8,151.83,STAR,A1,3424188244680023808,88.360698,21.924946,,,,,,,Unclassifiable,,,,
109409172,J042339.46+505434.9,128.9,STAR,A1,270756494986969344,65.914426,50.909695,,,,,,,B5 III-IV,vgood,,,
116216141,J055312.64+261631.9,143.7,STAR,A1,3430640316350968576,88.302678,26.275551,,,,,,,B7 III-IV,vgood,,,
124216115,J055327.30+430356.9,91.47,STAR,A2,193212471065912192,88.363762,43.065815,,,,,,,B6 IV,vgood,,,
129407225,J073225.05+084143.7,55.58,STAR,A5,3143216947373616896,113.10439,8.6954835,,,,,,,kA2hA4mA7  SiEu,,,,
172005177,J025629.11+462550.0,82.8,STAR,A5,434348633896460032,44.121311,46.430561,,,,,,,kA2hA5mA8  SiEu,,,,
172216114,J213414.43+424239.1,263.2,STAR,A1,1967616950299761408,323.560154,42.710883,,,,,,,B5 IV-V  Si,vgood,,,
177707243,J041157.32+444036.6,50.32,STAR,A2,232478440775932160,62.988874,44.676834,,,,,,,kA0hA4mA9  Si,,,,
181004130,J080818.28-033208.6,144.25,STAR,F0,3068831377983702400,122.07617,-3.5357297,,,,,,,A1 III-IV  SrSiEu,good,,,
190209226,J042559.89+421610.7,106.32,STAR,A2,228432890821976064,66.499548,42.269646,,,,,,,B8 IV-V,vgood,,,
190211139,J041800.08+443032.2,146.62,STAR,A2,232613573326167552,64.500342,44.508972,,,,,,,Unclassifiable,,,,
190212184,J042633.03+434916.1,246.68,STAR,A2,253350985404705920,66.637649,43.821159,,,,,,,B9 III,vgood,,,
195114099,J053556.14+233958.1,71.71,STAR,F0,3404557387980346368,83.983956,23.666163,,,,,,,A9 V  SrSiEu,good,,,
201704120,J062717.44+233135.1,68.39,STAR,F0,3383347160145319552,96.822703,23.526441,,,,,,,kA3hA6mA9  SiEu,,,,
201709011,J062930.42+235529.8,63.64,STAR,F0,3383372964308545792,97.376753,23.924949,,,,,,,kA6hA7mF3  SiEu,,,,
203601136,J061133.66+120207.4,85.26,STAR,A2,3331913380587901952,92.890278,12.035404,,,,,,,kB9hA1mA3  SiEu,,,,
203706149,J062040.02+131609.8,506.72,STAR,A2,3332439149004865920,95.166788,13.269392,,,,,,,B9 V  Si,good,,,
203713095,J061939.93+133740.1,59.98,STAR,A2,3332515466283058304,94.916411,13.627816,,,,,,,B9.5 II  Si,vgood,,,
209107126,J025646.82+234415.0,50.37,STAR,F0,110187252835633408,44.195116,23.73752,,,,,,,kA5hA8mA9  SiEu,,,,
220503074,J061040.41+351458.1,82.68,STAR,A1,3452555507235510784,92.668403,35.249482,,,,,,,B8 IV-V  Si,vgood,,,
250915152,J235830.97+524350.8,71.63,STAR,A1,1945178391873744640,359.62907,52.730781,,,,,,,kA0hA8mA5  Eu,,,,
253815155,J052841.83+492655.9,90.77,STAR,F0,213529663538022656,82.1743181,49.4488883,,,,,,,kA3hA7mF0  Si,,,,
257015168,J045705.23+410557.6,85.52,STAR,A2,201621815171166336,74.271818,41.099341,,,,,,,F2 mA2 IV-V metal-weak,,,,
257105083,J052754.86+122738.4,116.36,STAR,A5,3388996485245767424,81.9785981,12.4606869,,,,,,,Unclassifiable,,,,
258014148,J053414.38+183758.4,63.39,STAR,A5,3397821058196681472,83.559947,18.632889,,,,,,,kA1hA3mA6  SiEu,,,,
258909060,J053113.41+312521.3,71.23,STAR,A5,3447134021559537792,82.80589,31.422604,,,,,,,kA0hA4mF0  SiEu,,,,
263610202,J030248.59+470522.3,66.67,STAR,F0,434311529676122880,45.702474,47.089542,,,,,,,A9 V  SrSiEu,good,,,
265706042,J065309.52-004741.7,118.06,STAR,A2,3112405298671930496,103.289681,-0.794939,,,,,,,B9.5 II,vgood,,,
268009038,J063157.00+165719.1,58.13,STAR,A2,3369452459906212992,97.9875,16.955333,,,,,,,A0 III-IV  SrSi,good,,,
269303065,J053545.72+332419.3,61.27,STAR,A2,3449271300365561856,83.940506,33.405379,,,,,,,B9 III  Si,good,,,
275002187,J225119.98+554414.6,67.9,STAR,A2,2003757137286036608,342.833261,55.737401,,,,,,,B9 II-III,vgood,,,
286201073,J053526.55+383707.9,135.2,STAR,A2,190472286228546816,83.8606425,38.6188714,,,,,,,B5 III  Si,vgood,,,
294313078,J052729.66+411101.1,87.41,STAR,A5,194143521195173504,81.873618,41.183652,,,,,,,kA3hA8mA9  SiEu,,,,
295306151,J045124.73+400848.7,82.36,STAR,F0,200177155672667392,72.853069,40.146875,,,,,,,kA4hA6mA9  SiEu,,,,
295315173,J043555.22+420517.8,52.33,STAR,A2,204217860906331648,68.980105,42.088294,,,,,,,B9 II-III  Si,vgood,,,
301508209,J020706.23+501849.6,79.11,STAR,F0,358499687545194624,31.775973,50.313791,,,,,,,kA5hA7mF1  SiEu,,,,
307308232,J052059.14+453336.3,166.86,STAR,F0,208753900425617408,80.2464236,45.560085,,,,,,,kA6hA8mF0  SiEu,,,,
309102133,J044806.72+431649.4,295.97,STAR,A2,204544931254787840,72.0280361,43.2804092,,,,,,,B8 III  Si,vgood,,,
309806042,J045149.91+335658.1,73.2,STAR,A2,161696894402313728,72.9579728,33.9494775,,,,,,,B5 V,good,,,
316411104,J053322.92+403111.9,63.02,STAR,A5,191225726572135936,83.345528,40.51999,,,,,,,kA2hA5mA8  SiEu,,,,
330907201,J060639.60+170934.3,81.08,STAR,A1,3349233231343182592,91.665026,17.159545,,,,,,,B9 V,vgood,,,
330914031,J055133.44+190156.3,70.83,STAR,F0,3398817048228609408,87.889366,19.03231,,,,,,,kA1hA5mA9  SiEu,,,,
370603102,J060641.05+200726.2,53.17,STAR,A5,3374800862419538048,91.671077,20.123969,,,,,,,kA1hA4mA8  SiEu,,,,
381408222,J060119.63+365700.2,96.52,STAR,A1,3456725851762818944,90.331813,36.950061,,,,,,,A8 mB8 V Lam Boo,,,,
385406042,J064453.53+014402.4,279.87,STAR,A1,3125954889697929984,101.223078,1.734009,,,,,,,B4 V,vgood,,,
396301206,J070304.82+063845.9,56.83,STAR,F0,3153708414309272832,105.7701067,6.6460889,,,,,,,kA3hA7mF0  SiEu,,,,
396304087,J070448.45+083249.3,124.73,STAR,A1,3154599293604602368,106.2018917,8.5470369,,,,,,,B7 IV-V  Si,vgood,,,
396313246,J070945.26+093034.2,65.07,STAR,A5,3156258735827322240,107.4385922,9.5095133,,,,,,,A0 III-IV  SrSiEu,good,,,
397614141,J072200.94+160203.1,52.68,STAR,F0,3167979804656638336,110.50393,16.034211,,,,,,,kA5hA9mF0  SiEu,,,,
408701022,J033305.36+433944.3,61.23,STAR,A5,238477307497102208,53.2723722,43.6623075,,,,,,,kA2hA5mA8  SiEu,,,,
409914054,J061244.67+255652.4,71.19,STAR,A5,3426902148614393472,93.1861278,25.9479047,,,,,,,A0 III-IV  Si,good,,,
420801032,J084444.62+100440.3,85.92,STAR,A2,598314061304494464,131.185922,10.077881,,,,,,,kB9hA3mA9  Si,,,,
425710025,J052108.98+521008.7,247.92,STAR,F0,263007892945603840,80.2874414,52.1690901,,,,,,,A9 V  SrSiEu,good,,,
428004149,J062229.42+221028.0,59.92,STAR,A5,3377138935239869312,95.6225989,22.1744603,,,,,,,A1 IV  SrSi,good,,,
431616086,J062112.96+215306.8,164.62,STAR,A1,3376753526352106880,95.3040347,21.8852428,,,,,,,B7 IV,vgood,,,
434404126,J054813.19+240333.7,128.44,STAR,A1,3427748252873843584,87.0549939,24.0593683,,,,,,,B4 III-IV,vgood,,,
468905185,J013510.87+550925.1,175.35,STAR,F0,409207102234035584,23.79532,55.156979,,,,,,,F0 V  (Sr)Si,good,,,
469209162,J232338.67+492340.1,131.1,STAR,F0,1943058322996393216,350.9111567,49.3944925,,,,,,,A9 V  SrSiEu,good,,,
469806237,J200600.39+361136.9,156.59,STAR,F0,2059121022407541632,301.5016531,36.1936097,,,,,,,F0 V  SrEu,good,,,
469807240,J200517.28+350621.5,107.95,STAR,A1,2058632186395337088,301.322041,35.105988,,,,,,,Unclassifiable,,,,
473411222,J044644.30+282647.0,77.91,STAR,A1,154807423260050048,71.6845912,28.446412,,,,,,,B9.5 V  Si,vgood,,,
480401057,J064010.74+052812.5,108.18,STAR,F0,3131047312158891392,100.04479,5.4701486,,,,,,,kA6hA7mF0  Si,,,,
485104170,J061011.44+231034.2,548.19,STAR,A1,3425308097272631040,92.5476708,23.1761889,,,,,,,B8 V,vgood,,,
491512051,J061013.83+015636.9,84.28,STAR,A1,3123205457791689216,92.557639,1.9436041,,,,,,,B8 IV,vgood,,,
547516054,J054015.46+222642.6,78.35,STAR,F0,3403447607088285312,85.0644383,22.4451719,,,,,,,kA4hA7mF1  SiEu,,,,
573504197,J184446.46+062733.0,101.51,STAR,F0,4285629869611269760,281.193616,6.459193,,,,,,,F0 V  SrSi,good,,,
602711159,J080739.57+274956.5,79.61,STAR,F0,683920082431958528,121.9149131,27.8323722,,,,,,,kA6hA8mF0  SiEu,,,,
614316079,J061412.15+264953.2,84.8,STAR,F0,3433157510783504512,93.550655,26.8314575,,,,,,,A9 V  SrSiEu,good,,,
615904164,J065104.86+075706.6,252.01,STAR,A2,3133347490486308096,102.7702686,7.9518478,,,,,,,B5 III-IV,vgood,,,
615908202,J065421.56+063548.1,141.03,STAR,A1,3129952709677070336,103.5898458,6.5967146,,,,,,,B5 IV,vgood,,,
617413106,J012831.80+614614.1,69.54,STAR,A2,510810429143860096,22.132507,61.7706,,,,,,,B5 III,vgood,,,
617814136,J060449.39+240450.1,673.32,STAR,A1,3426201106873549056,91.2058292,24.0805889,,,,,,,B4 V,vgood,,,
647511054,J055932.96+020507.0,58.77,STAR,F0,3315198123782776448,89.8873422,2.0852914,,,,,,,A9 V  SrSi,good,,,
648608036,J062017.42+251849.9,78.04,STAR,F0,-9999,95.072345,25.31521333,,,,,,,F1 V,vgood,,,
656302017,J070934.29+120206.4,67.68,STAR,A5,3160205329735502976,107.3928869,12.0351331,,,,,,,A0 III-IV  SrSiEu,good,,,
656309083,J071630.50+151912.3,240.54,STAR,A7,3168010968939368192,109.1270883,15.3200986,,,,,,,A1 IV  SrSiEu,good,,,
688110111,J063724.50+162952.3,133.88,STAR,A2,-9999,99.3516,16.4989,,,,,,,B9 II-III  Si,vgood,,,
697710058,J061519.98+215839.6,100.34,STAR,A2,3376899074203652736,93.8332594,21.9776747,,,,,,,Unclassifiable,,,,
713713096,J062809.52+253443.4,94.47,STAR,A3,3383865442437012352,97.0396711,25.5787464,,,,,,,A0 IV  SrSi,good,,,
724604058,J071922.99+002413.2,63.64,STAR,A2,3111441709867748096,109.8457994,0.4036753,,,,,,,B9 V  Si,fair,,,
724615158,J071640.79+013150.7,139.4,STAR,A2,3111827019977722112,109.1699803,1.5307639,,,,,,,kA2hA3mK2,,,,
731606168,J064043.90+161228.1,69.53,STAR,F0,3358601482731005312,100.1829278,16.2078117,,,,,,,A9 V  SrSiEu,good,,,
732003018,J055621.60+270625.7,62.32,STAR,A1,3430831077319550208,89.0900172,27.1071658,,,,,,,kA0hF1mG1,,,,
733408116,J063141.82+193813.7,186.25,STAR,A1,3372278410948208256,97.9242831,19.6371486,,,,,,,B4 III-IV,vgood,,,
733513036,J063740.39+205335.3,187.56,STAR,A2,3372840703767078400,99.4183217,20.8931426,,,,,,,kB7hA3mA0,,,,
757306193,J065236.40-012411.8,77.77,STAR,A1,3112294557235906688,103.151668,-1.4033,,,,,,,B9.5 II,vgood,,,
758407171,J061915.37+271959.1,99.77,STAR,A1,3433092948835437952,94.8140631,27.3331028,,,,,,,Unclassifiable,,,,
758416228,J061058.08+313618.2,73.97,STAR,A1,3438363835780588672,92.7420153,31.6050594,,,,,,,B7 III  Si,vgood,,,
760405198,J060745.02+222838.1,209.03,STAR,A2,3423571208199869056,91.9376162,22.4772616,,,,,,,Unclassifiable,,,,
760415115,J061146.60+234555.8,203.43,STAR,A1,3425438492479315968,92.9441785,23.765502,,,,,,,B8 IV,vgood,,,
795901061,J062247.65+203855.6,91.9,STAR,A1,3375584191439380736,95.6985783,20.6487983,,,,,,,B9.5 IV  Si,good,,,
805606181,J050358.48+215151.4,557.65,STAR,A1,3409219630816679936,75.993683,21.8643,,,,,,,B4 V,good,,,
836604042,J022835.30+560302.1,495.17,STAR,A2,457539743610843648,37.1470889,56.0506086,,,,,,,A2 III-IV  SrSi,fair,,,
837714104,J034134.70+245153.4,306.32,STAR,F0,68381656085213184,55.3945904,24.8648477,,,,,,,A7 V  SrSiEu,good,,,
840306099,J065240.96-010814.8,60.25,STAR,A1,3112355064734803328,103.170706,-1.137448,,,,,,,Unclassifiable,,,,
841504103,J210203.41+185852.8,288.1,STAR,F0,1765323024280304896,315.5142094,18.9813392,,,,,,,kA3hA7mF1  SiEu,,,,
842413061,J050004.14+371107.2,199.18,STAR,A1,186702434515552256,75.0172914,37.1853536,,,,,,,kB8hA1mA5  Si,,,,
842414158,J044145.20+380806.3,138.49,STAR,F0,175608430911499264,70.43835,38.1351083,,,,,,,kA4hA7mA9  Si,,,,
844901058,J061331.19+172301.1,79.73,STAR,A7,3370230707979122304,93.3799958,17.3836603,,,,,,,A2 IV  SrSi,good,,,
844905162,J061326.53+181812.9,110.38,STAR,A1,3373423552307165568,93.3605539,18.3035997,,,,,,,B7 V  Si,vgood,,,
855302230,J230919.43+420034.0,117.11,STAR,F0,1930783413840700672,347.330967,42.009467,,,,,,,kA3hA7mA8  Si,,,,
864109023,J075228.52+151410.2,60.71,STAR,A5,666640466929266944,118.1188375,15.2361917,,,,,,,kA0hA3mA9  SiEu,,,,
864510055,J035634.15+543051.0,252.35,STAR,A3,444415904099971072,59.142307,54.51419,,,,,,,kA1hA7mF0  SiEu,,,,
869313173,J070608.65+005700.8,83.56,STAR,A2,3114556252654022144,106.536067,0.950228,,,,,,,A0 IV-V  SrSi,good,,,
898308070,J063939.60-032040.1,82.5,STAR,A1,3106371110138805248,99.915031,-3.344484,,,,,,,B9.5 IV  Si,vgood,,,
911215167,J194918.84+293136.9,107.56,STAR,A1,2031833480282037248,297.328508,29.526922,,,,,,,A0 IV  Si,vgood,,,
911404082,J190309.65+184417.7,365.37,STAR,F0,4517716295842977280,285.7902125,18.7382528,,,,,,,kA3hA8mF0,,,,
948714210,J053429.62+295404.9,73.82,STAR,A5,3445991590330024192,83.6234178,29.901365,,,,,,,kB7hB9mA0  Si,,,,
989006035,J071704.03-042814.5,147.14,STAR,A1,-9999,109.26785,-4.47034,,,,,,,B9 III  Si,vgood,,,
992707160,J054039.19+382512.4,53.98,STAR,A1,190024269601243136,85.163319,38.420119,,,,,,,A0 IV,vgood,,,
1016212157,J195743.48+394832.2,79.78,STAR,A2,2072766820697092608,299.43118,39.808948,,,,,,,A0 V  SrSi,good,,,
1069502245,J024142.24+541609.4,500.41,STAR,A2,453935647574474624,40.426034,54.269301,,,,,,,A0 Ib-II  SrSiEu,good,,,
1082912037,J034514.89+573919.8,52.91,STAR,A2,448924485891900288,56.312077,57.655509,,,,,,,A0 II  (Sr)Si,vgood,,,
1086011183,J060645.14+254550.3,98.88,STAR,A5,3427033437177332864,91.688092,25.763981,,,,,,,kA3hA5mA7  SiEu,,,,
1089107038,J033559.72+473701.6,79.34,STAR,A1,248223378563881344,53.998857,47.617116,,,,,,,A0 IV  Si,vgood,,,
1089603034,J053134.00+433014.1,94.07,STAR,A3,195766572156222080,82.891678,43.503937,,,,,,,A1 IV  SrSiEu,good,,,
1143210093,J202313.41+324721.4,320.38,STAR,A1,2054427344690289536,305.8059088,32.7892912,,,,,,,B9.5 III-IV  Si,good,,,
1143212076,J203659.02+343118.9,146.68,STAR,A1,1864368101171934336,309.2459347,34.5219437,,,,,,,Unclassifiable,,,,
1143908226,J063354.15+314021.6,67.41,STAR,A5,3436113406058799104,98.475646,31.6726767,,,,,,,A1 IV-V  SrSiEu,good,,,
1145004250,J052212.07+365000.0,444.56,STAR,A2,184389714886075776,80.5502919,36.8333365,,,,,,,B8 III-IV  Si,good,,,
1145501196,J210713.40+322951.1,274.25,STAR,A1,1865264855979113984,316.8058499,32.4975347,,,,,,,Unclassifiable,,,,
1145514139,J205739.27+350731.5,315.73,STAR,A5,1869700560765537536,314.4136651,35.1254389,,,,,,,kA2hA5mA7  SiEu,,,,
1146110120,J062443.72+265524.3,524.9,STAR,A2,3432608304722981376,96.1821719,26.9234401,,,,,,,A1 IV  SrSiEu,good,,,
1146310118,J221316.77+502829.2,92.12,STAR,A1,2000809007324808192,333.3198768,50.4747999,,,,,,,kA0hA2mA5  Si,,,,
1146316036,J221747.63+531008.7,75.91,STAR,A1,2004359948851731200,334.4484801,53.1690973,,,,,,,B9.5 IV  Si,vgood,,,
1146703012,J235243.99+614115.2,107.28,STAR,A5,2012712045326021888,358.1832978,61.687577,,,,,,,kA0hA3mA8  Si,,,,
1146703091,J235232.85+621104.8,58.22,STAR,A3,2012972560863635712,358.1369154,62.1846868,,,,,,,kA0hA2mA3  Si,,,,
1147515089,J052618.68+374030.1,68.55,STAR,A1,184535026519396736,81.5778724,37.6750363,,,,,,,B8 IV  Si,good,,,
1147616154,J052456.50+380338.9,142.78,STAR,A1,184605395262057984,81.2354415,38.0608297,,,,,,,Unclassifiable,,,,
1148202052,J062501.16+004734.9,69.33,STAR,A1,3123393371200680704,96.2548451,0.793031,,,,,,,B9 V  Si,vgood,,,
1148304059,J063234.45+015120.4,131.15,STAR,A1,3120951252797351296,98.1435444,1.8556768,,,,,,,B9 III-IV  Si,vgood,,,
1148313215,J063746.01+021507.8,479.45,STAR,A1,3126946129490753664,99.4417464,2.2521888,,,,,,,B8 IV-V  Si,good,,,
1154711135,J013224.28+701545.5,94.22,STAR,A1,533959443870567040,23.1011913,70.2626611,,,,,,,B9.5 IV-V  Si,good,,,
1154711170,J012803.74+703411.6,257.27,STAR,A1,534028506945721344,22.0156071,70.5699075,,,,,,,B8 IV  Si,vgood,,,
1154712015,J014257.88+693706.7,274.98,STAR,A1,533680408434633728,25.7411795,69.6185349,,,,,,,B9 V  Si,vgood,,,
1156816104,J063607.42+061824.8,131.04,STAR,A3,3131958596842526336,99.0309269,6.3069008,,,,,,,A0 II,vgood,,,
1158211146,J021706.32+571525.2,157.25,STAR,A5,458564827742282112,34.2763436,57.2570026,,,,,,,kA0hA2mA3  Si,,,,
1158403031,J063507.95+043819.9,127.4,STAR,A1,3130923136065965184,98.7831509,4.6388833,,,,,,,B9 II-III  Si,good,,,
1158403090,J063539.64+044659.2,251.17,STAR,A1,3130930587830709760,98.9151715,4.7831264,,,,,,,B6 V  Si,vgood,,,
1158406180,J064554.46+040306.2,87.81,STAR,A2,3127650336629633920,101.4769194,4.0517223,,,,,,,kA0hA2mA4  Si,,,,
1158416009,J063547.44+064955.8,71.85,STAR,F0,3133680436352696192,98.9476787,6.8321677,,,,,,,A8 V  SrSi,good,,,
1159214153,J220958.54+515550.8,142.27,STAR,A1,2004134789482530560,332.4939275,51.9308037,,,,,,,A0 II  SrSi,vgood,,,
1159216078,J221343.92+523856.4,59.17,STAR,A1,2004316758658859008,333.433011,52.6490114,,,,,,,kB8hA1mA5  SiEu,,,,
1159216135,J221541.20+524944.5,142.87,STAR,A1,2004348163460622592,333.921705,52.8290338,,,,,,,A0 III  Si,vgood,,,
1159715026,J034910.90+525605.8,96.06,STAR,A1,443809179838223360,57.2954463,52.9349683,,,,,,,B7 V  Si,fair,,,
1160115096,J063614.29+054137.3,197.1,STAR,A1,3131852803207602688,99.05955,5.693718,,,,,,,B4 V,vgood,,,
1169802060,J234842.73+610140.0,104.06,STAR,A1,2012590102614853760,357.1780455,61.027778,,,,,,,Unclassifiable,,,,
1169814064,J234035.36+625120.8,155.77,STAR,A1,2016210794399254400,355.1473355,62.855797,,,,,,,B9.5 IV-V  Si,good,,,
1169816097,J234322.43+632532.9,259.28,STAR,A1,2016289405177717120,355.8434975,63.4258129,,,,,,,B9 IV  Si,vgood,,,
1169907123,J015901.50+725637.3,389.38,STAR,A1,558476594663056512,29.7562903,72.943706,,,,,,,B8 IV-V  Si,good,,,
1170308118,J105434.62+643358.7,495.82,STAR,A6,1055516460992986752,163.6442692,64.5663217,,,,,,,A1 IV-V  SrSiEu,good,,,
1170703085,J235405.32+661651.1,315.37,STAR,A1,2209748927062056192,358.5221944,66.2808865,,,,,,,B9 V  Si,vgood,,,
1170716144,J234602.85+675259.4,181.9,STAR,A1,2211031885333485184,356.5119002,67.8831746,,,,,,,B9 V  Si,vgood,,,
1170805084,J014436.51+623612.5,228.79,STAR,A3,511623861587188608,26.1521372,62.6034893,,,,,,,A0 III-IV  SrSi,vgood,,,
1170805129,J014752.30+630505.6,193.55,STAR,A1,512015631324105984,26.9679403,63.0849027,,,,,,,kB9hA1mA6  SrSi,,,,
1170807216,J015136.09+620549.4,606.72,STAR,A1,511363483489423872,27.9004067,62.0970831,,,,,,,B8 IV-V  Si,vgood,,,
1170810038,J013458.33+625725.4,231.52,STAR,A1,512443994183604096,23.7430715,62.9570603,,,,,,,Unclassifiable,,,,
1170816090,J013330.66+650134.7,100.9,STAR,A1,513180701333238528,23.3777573,65.0263103,,,,,,,B9 IV  Si,vgood,,,
1170816218,J013538.72+650134.0,301.33,STAR,A1,-9999,23.909386,65.02589659,,,,,,,B9.5 IV  Si,vgood,,,
1171201145,J061201.34+052746.8,178.05,STAR,A1,3318650281057975552,93.0056156,5.4630275,,,,,,,B9 III  Si,vgood,,,
1171402112,J234706.60+711640.1,137.08,STAR,A1,2215653132703994112,356.7775087,71.277815,,,,,,,B9 II-III  Si,vgood,,,
1171415142,J235709.82+735350.6,276.12,STAR,A1,2228909703881044096,359.2909297,73.8973967,,,,,,,Unclassifiable,,,,
1171815108,J051819.94+371247.2,70.02,STAR,A1,187098366080420992,79.5831039,37.2131243,,,,,,,kB9.5hA1mA3  Si,,,,
1173605164,J042519.05+451621.3,56.29,STAR,A3,256714425829244160,66.3294114,45.2726027,,,,,,,A1 III-IV  SrSi,good,,,
1185508122,J052748.75+350903.6,68.85,STAR,A1,182883285175515904,81.9531495,35.1510195,,,,,,,Unclassifiable,,,,
1185911222,J045930.18+334516.1,68.55,STAR,A5,160931604244664832,74.8757616,33.7544798,,,,,,,A0 III-IV  SrSiEu,good,,,
1186605154,J045752.44+455322.9,369.64,STAR,A1,206524331362184320,74.4685078,45.8897179,,,,,,,Unclassifiable,,,,
1186703069,J065950.73+073950.0,251.19,STAR,A2,3154155954199334272,104.9613918,7.6639004,,,,,,,B9.5 IV-V  Si,vgood,,,
1188607067,J061651.90+060122.1,139.22,STAR,A1,3324782841522653824,94.2162882,6.0228128,,,,,,,F0 mB8 V Lam Boo,,,,
1188612045,J061724.84+092747.8,63.35,STAR,A2,3328858211432676352,94.3535131,9.4632805,,,,,,,kB9hA1mA4  Si,,,,
1202015050,J040826.98+695634.3,249.9,STAR,A5,494169320649926272,62.1124548,69.9428879,,,,,,,A1 IV  SrSi,good,,,
1204412205,J053359.93+373623.6,232.19,STAR,A1,189562818313957120,83.4997143,37.6065763,,,,,,,B5 III,vgood,,,
1204504094,J053155.28+262212.9,100.99,STAR,A2,3441903335508218752,82.9803369,26.3702775,,,,,,,kB9.5hA7mF5,,,,
1204504108,J053322.18+264908.8,79.54,STAR,A1,3441944425460056320,83.3424331,26.8191207,,,,,,,B8 IV-V,good,,,
1204606027,J053939.48+263233.5,279.11,STAR,A1,3441217991870780672,84.9145279,26.5426565,,,,,,,B9 III  Si,vgood,,,
1205911245,J050325.32+334509.6,128.7,STAR,A1,184759636126650368,75.8555311,33.7526723,,,,,,,B9 V  Si,vgood,,,
1205916099,J045142.79+325235.4,525.35,STAR,A2,161196238652315648,72.928333,32.8765156,,,,,,,Unclassifiable,,,,
1206403194,J042230.91+461927.7,142.79,STAR,A1,257012805798185216,65.6288278,46.3243798,,,,,,,A0 IV-V  Si,vgood,,,
1206412076,J043657.86+473217.0,267.4,STAR,A1,257333038560668672,69.2411064,47.5380652,,,,,,,kB7hB9mA0  Si,,,,
1208105125,J050929.52+384638.5,54.44,STAR,A1,188448360201173760,77.3730003,38.7773729,,,,,,,kB9.5hA1mA3  Si,,,,
1208107220,J051526.40+383302.1,115.35,STAR,A1,187457627208773632,78.8600108,38.5506032,,,,,,,B9.5 V  Si,good,,,
1208116027,J050549.45+415619.9,76.02,STAR,A3,201353671775202688,76.4560787,41.9388873,,,,,,,B8 IV,good,,,
1209016162,J062623.29+095501.0,98.58,STAR,A1,3327433935858167680,96.597054,9.9169541,,,,,,,B9.5 IV-V  Si,vgood,,,
1223102048,J062732.50+072221.6,461.86,STAR,A1,3324659455702314496,96.8854349,7.3726875,,,,,,,B9 V  Si,vgood,,,
1223102090,J062611.14+070344.7,51.73,STAR,A1,3324542151555049728,96.5464479,7.0624425,,,,,,,Unclassifiable,,,,
1223102206,J062859.98+064955.8,193.59,STAR,A5,3324334893613449600,97.2499518,6.832173,,,,,,,kA0hA2mA5  SiEu,,,,
1223103120,J062720.56+092000.5,93.41,STAR,A1,3327164349348391552,96.8356702,9.3334839,,,,,,,B8 V  Si,vgood,,,
1223103197,J063005.39+090956.7,367.58,STAR,A1,3327098992828029824,97.5224982,9.1657593,,,,,,,B8 V  Si,vgood,,,
1223103209,J062954.90+082721.2,207.01,STAR,A1,3326277009104676992,97.4787692,8.4558932,,,,,,,B8 V  Si,vgood,,,
1223104180,J063402.90+091624.4,101.45,STAR,A1,3326449765570320768,98.5121046,9.2734482,,,,,,,kA0hF0mF0,,,,
1223107055,J063649.53+071749.9,109.92,STAR,A1,3133769050117628416,99.2064112,7.2972104,,,,,,,Unclassifiable,,,,
1223107188,J063609.01+064613.6,134.64,STAR,A1,3133667276572892160,99.0375777,6.7704589,,,,,,,B9.5 III  Si,vgood,,,
1223107213,J063436.14+070557.1,414.17,STAR,A1,3133749533785986176,98.6505941,7.0992202,,,,,,,B9 IV  Si,vgood,,,
1223107220,J063440.14+071705.1,235.95,STAR,A1,3133756538871629184,98.6672789,7.284767,,,,,,,Unclassifiable,,,,
1223107222,J063454.47+071243.3,553.94,STAR,A1,3133752866680534784,98.7269618,7.2120361,,,,,,,B8 V  Si,vgood,,,
1223110106,J062529.33+080158.6,239.78,STAR,A1,3325493774571808896,96.3722178,8.0329468,,,,,,,B8 III-IV  Si,vgood,,,
1223110132,J062350.54+083421.5,76.69,STAR,A3,3325589775679557504,95.960597,8.5726581,,,,,,,B9.5 III  Si,good,,,
1223110224,J062719.50+080017.2,428.77,STAR,A1,3324766069671301376,96.8312553,8.0047843,,,,,,,A0 IV-V  SrSi,vgood,,,
1223111157,J063313.99+111425.3,68.1,STAR,A1,3328051277275830016,98.3083015,11.2403753,,,,,,,Unclassifiable,,,,
1223115025,J063141.05+095054.9,65.7,STAR,A1,3327290999344022784,97.921064,9.8486062,,,,,,,kB8hF3mF4,,,,
1223115054,J063310.37+094918.0,170.86,STAR,A1,3327615625852888832,98.2932396,9.8216917,,,,,,,B9 II-III,vgood,,,
1223115170,J063311.63+094053.1,98.66,STAR,A1,3327226506114959104,98.2984865,9.6814337,,,,,,,B8 III-IV,good,,,
1223116083,J062503.26+101239.6,122.11,STAR,A1,3330459031644960768,96.2635837,10.2110025,,,,,,,B9 V  Si,vgood,,,
1223116087,J062519.86+100612.3,200.88,STAR,A1,3327454689139686144,96.3327619,10.1034289,,,,,,,B9 IV  Si,vgood,,,
1223116238,J062700.54+105512.1,101.71,STAR,A1,3330616747141529984,96.7522694,10.9200302,,,,,,,B8 IV-V  Si,good,,,
1223304235,J070425.42+084030.5,288.21,STAR,A1,3154616237255117184,106.1059452,8.6751626,,,,,,,B8 V  Si,vgood,,,
1223311019,J070136.90+102646.9,98.17,STAR,A1,3158122231939227392,105.4037576,10.4463674,,,,,,,B8 V  Si,vgood,,,
1223315136,J070419.94+090010.6,272.21,STAR,A3,3157634117496393216,106.0831209,9.0029627,,,,,,,kA0hA1mA3  SiEu,,,,
1223315143,J070302.69+090544.4,227.27,STAR,A1,3157652396879472896,105.7612198,9.0956782,,,,,,,Unclassifiable,,,,
1224102108,J084530.73+622859.0,417.08,STAR,A1,1042295108547835776,131.3780687,62.4830773,,,,,,,B8 IV  Si,vgood,,,
1246301034,J200318.93+355003.1,635.96,STAR,A1,2059838659905478016,300.8288762,35.8342071,,,,,,,B8 IV  Si,vgood,,,
1246302014,J195229.82+363125.1,152.27,STAR,A1,2071763035309856256,298.1242833,36.5236643,,,,,,,B9 V  Si,vgood,,,
1246304026,J200222.61+373328.3,148.88,STAR,A2,2060326465112545280,300.5942087,37.5578885,,,,,,,A0 II  SrSiEu,vgood,,,
1246306012,J201039.63+365652.4,255.57,STAR,A2,2060750704794117888,302.6651309,36.9478989,,,,,,,B8 IV  Si,vgood,,,
1246306120,J201240.94+364250.0,234.86,STAR,A1,2060688616742762880,303.1705903,36.7138993,,,,,,,B8 IV  Si,vgood,,,
1246306188,J201146.53+365412.5,213.51,STAR,A1,2060703288351687424,302.943905,36.9034771,,,,,,,Unclassifiable,,,,
1246308154,J200437.35+371341.0,999,STAR,A1,2060069729144937728,301.1556631,37.2280613,,,,,,,B8 IV  Si,vgood,,,
1246308219,J200553.74+362630.2,160.29,STAR,A1,2059884495798496896,301.4739444,36.4417337,,,,,,,kB9hA0mA2  Si,,,,
1246309048,J200801.69+382358.1,298.42,STAR,A1,2061840282136345472,302.0070424,38.3994772,,,,,,,A0 II  Si,good,,,
1246311147,J200720.53+395526.8,401.48,STAR,A1,2074064588011946496,301.8355719,39.924126,,,,,,,kA0hA1mA2  Si,,,,
1246312058,J200741.87+392904.0,675.69,STAR,A2,2062036892876496768,301.9244761,39.4844655,,,,,,,A0 IV  Si,vgood,,,
1246314059,J195223.44+384954.1,492.79,STAR,A1,2073346705681060864,298.0977051,38.8317149,,,,,,,B9.5 IV-V  Si,good,,,
250912083,J000851.27+525547.2,84.93,STAR,F0,395993613871680512,2.213657,52.929783,,,,,,,kA2hA5mA8  SiEu,,,,
617410242,J010128.36+603214.0,88.82,STAR,A1,426486820826210432,15.368181,60.537241,,,,,,,B9.5 IV  Si,vgood,,,
842107068,J012048.60+325718.3,234.42,STAR,A5,316747245306011904,20.2025131,32.9550902,,,,,,,A0 IV  Si,good,,,
1146701028,J000051.02+601702.9,160.39,STAR,A3,423336273335447808,0.212594,60.2841494,,,,,,,A1 II  SrSi,good,,,
1146701117,J000007.27+595539.7,133.89,STAR,A1,423300917163878144,0.0303188,59.927699,,,,,,,A0 II-III  Si,vgood,,,
1146712028,J001234.64+641332.8,163.29,STAR,A2,431879444322615808,3.1443356,64.2258051,,,,,,,kB9hA1mA4  Si,,,,
1146715058,J000224.88+630725.3,62.33,STAR,A2,430085144431493760,0.6037066,63.1237211,,,,,,,kA0hA2mA4  SrSi,,,,
1154716205,J011352.40+693001.5,209.03,STAR,A1,-9999,18.46588101,69.50011738,,,,,,,B8 IV-V  Si,vgood,,,
1169801197,J000502.63+600231.8,230.52,STAR,A1,429271849422688000,1.2609739,60.0421895,,,,,,,B9.5 V  Si,vgood,,,
1169807170,J000718.55+602844.2,168.17,STAR,A1,429299543368859520,1.8273188,60.4789621,,,,,,,A0 IV  Si,good,,,
1169811129,J000411.85+641740.2,434.73,STAR,A1,431748739876523264,1.0494156,64.2945161,,,,,,,B9.5 III  Si,vgood,,,
